use hicli;
-- INSERCION DE REGISTROS EN LA TABLA UBIGEO

INSERT INTO UBIGEO (CODUBI, DEPUBI , PROVUBI, DISTUBI)
VALUES
('010101','AMAZONAS','CHACHAPOYAS','CHACHAPOYAS'),
('010102','AMAZONAS','CHACHAPOYAS','ASUNCION'),
('010103','AMAZONAS','CHACHAPOYAS','BALSAS'),
('010104','AMAZONAS','CHACHAPOYAS','CHETO'),
('010105','AMAZONAS','CHACHAPOYAS','CHILIQUIN'),
('010106','AMAZONAS','CHACHAPOYAS','CHUQUIBAMBA'),
('010107','AMAZONAS','CHACHAPOYAS','GRANADA'),
('010108','AMAZONAS','CHACHAPOYAS','HUANCAS'),
('010109','AMAZONAS','CHACHAPOYAS','LAJALCA'),
('010110','AMAZONAS','CHACHAPOYAS','LEIMEBAMBA'),
('010111','AMAZONAS','CHACHAPOYAS','LEVANTO'),
('010112','AMAZONAS','CHACHAPOYAS','MAGDALENA'),
('010113','AMAZONAS','CHACHAPOYAS','MARISCALCASTILLA'),
('010114','AMAZONAS','CHACHAPOYAS','MOLINOPAMPA'),
('010115','AMAZONAS','CHACHAPOYAS','MONTEVIDEO'),
('010116','AMAZONAS','CHACHAPOYAS','OLLEROS'),
('010117','AMAZONAS','CHACHAPOYAS','QUINJALCA'),
('010118','AMAZONAS','CHACHAPOYAS','SANFRANCISCODEDAGUAS'),
('010119','AMAZONAS','CHACHAPOYAS','SANISIDRODEMAINO'),
('010120','AMAZONAS','CHACHAPOYAS','SOLOCO'),
('010121','AMAZONAS','CHACHAPOYAS','SONCHE'),
('010201','AMAZONAS','BAGUA','LAPECA'),
('010202','AMAZONAS','BAGUA','ARAMANGO'),
('010203','AMAZONAS','BAGUA','COPALLIN'),
('010204','AMAZONAS','BAGUA','ELPARCO'),
('010205','AMAZONAS','BAGUA','IMAZA'),
('010206','AMAZONAS','BAGUA','BAGUA'),
('010301','AMAZONAS','BONGARA','JUMBILLA'),
('010302','AMAZONAS','BONGARA','CHISQUILLA'),
('010303','AMAZONAS','BONGARA','CHURUJA'),
('010304','AMAZONAS','BONGARA','COROSHA'),
('010305','AMAZONAS','BONGARA','CUISPES'),
('10306','AMAZONAS','BONGARA','FLORIDA'),
('010307','AMAZONAS','BONGARA','JAZAN'),
('010308','AMAZONAS','BONGARA','RECTA'),
('010309','AMAZONAS','BONGARA','SANCARLOS'),
('010310','AMAZONAS','BONGARA','SHIPASBAMBA'),
('010311','AMAZONAS','BONGARA','VALERA'),
('010312','AMAZONAS','BONGARA','YAMBRASBAMBA'),
('010401','AMAZONAS','CONDORCANQUI','NIEVA'),
('010402','AMAZONAS','CONDORCANQUI','ELCENEPA'),
('010403','AMAZONAS','CONDORCANQUI','RIOSANTIAGO'),
('010501','AMAZONAS','LUYA','LAMUD'),
('010502','AMAZONAS','LUYA','CAMPORREDONDO'),
('010503','AMAZONAS','LUYA','COCABAMBA'),
('010504','AMAZONAS','LUYA','COLCAMAR'),
('010505','AMAZONAS','LUYA','CONILA'),
('010506','AMAZONAS','LUYA','INGUILPATA'),
('010507','AMAZONAS','LUYA','LONGUITA'),
('010508','AMAZONAS','LUYA','LONYACHICO'),
('010509','AMAZONAS','LUYA','LUYA'),
('010510','AMAZONAS','LUYA','LUYAVIEJO'),
('010511','AMAZONAS','LUYA','MARIA'),
('010512','AMAZONAS','LUYA','OCALLI'),
('010513','AMAZONAS','LUYA','OCUMAL'),
('010514','AMAZONAS','LUYA','PISUQUIA'),
('010515','AMAZONAS','LUYA','PROVUBIIDENCIA'),
('010516','AMAZONAS','LUYA','SANCRISTOBAL'),
('010517','AMAZONAS','LUYA','SANFRANCISCODELYESO'),
('010518','AMAZONAS','LUYA','SANJERONIMO'),
('010519','AMAZONAS','LUYA','SANJUANDELOPECANCHA'),
('010520','AMAZONAS','LUYA','SANTACATALINA'),
('010521','AMAZONAS','LUYA','SANTOTOMAS'),
('010522','AMAZONAS','LUYA','TINGO'),
('010523','AMAZONAS','LUYA','TRITA'),
('010601','AMAZONAS','RODRIGUEZDEMENDOZA','SANNICOLAS'),
('010602','AMAZONAS','RODRIGUEZDEMENDOZA','CHIRIMOTO'),
('010603','AMAZONAS','RODRIGUEZDEMENDOZA','COCHAMAL'),
('010604','AMAZONAS','RODRIGUEZDEMENDOZA','HUAMBO'),
('010605','AMAZONAS','RODRIGUEZDEMENDOZA','LIMABAMBA'),
('010606','AMAZONAS','RODRIGUEZDEMENDOZA','LONGAR'),
('010607','AMAZONAS','RODRIGUEZDEMENDOZA','MARISCALBENAVIDES'),
('010608','AMAZONAS','RODRIGUEZDEMENDOZA','MILPUC'),
('010609','AMAZONAS','RODRIGUEZDEMENDOZA','OMIA'),
('010610','AMAZONAS','RODRIGUEZDEMENDOZA','SANTAROSA'),
('010611','AMAZONAS','RODRIGUEZDEMENDOZA','TOTORA'),
('010612','AMAZONAS','RODRIGUEZDEMENDOZA','VISTAALEGRE'),
('010701','AMAZONAS','UTCUBAMBA','BAGUAGRANDE'),
('010702','AMAZONAS','UTCUBAMBA','CAJARURO'),
('010703','AMAZONAS','UTCUBAMBA','CUMBA'),
('010704','AMAZONAS','UTCUBAMBA','ELMILAGRO'),
('010705','AMAZONAS','UTCUBAMBA','JAMALCA'),
('010706','AMAZONAS','UTCUBAMBA','LONYAGRANDE'),
('010707','AMAZONAS','UTCUBAMBA','YAMON'),
('020101','ANCASH','HUARAZ','HUARAZ'),
('020102','ANCASH','HUARAZ','COCHABAMBA'),
('020103','ANCASH','HUARAZ','COLCABAMBA'),
('020104','ANCASH','HUARAZ','HUANCHAY'),
('020105','ANCASH','HUARAZ','INDEPENDENCIA'),
('020106','ANCASH','HUARAZ','JANGAS'),
('020107','ANCASH','HUARAZ','LALIBERTAD'),
('020108','ANCASH','HUARAZ','OLLEROS'),
('020109','ANCASH','HUARAZ','PAMPAS'),
('020110','ANCASH','HUARAZ','PARIACOTO'),
('020111','ANCASH','HUARAZ','PIRA'),
('020112','ANCASH','HUARAZ','TARICA'),
('020201','ANCASH','AIJA','AIJA'),
('020202','ANCASH','AIJA','CORIS'),
('020203','ANCASH','AIJA','HUACLLAN'),
('020204','ANCASH','AIJA','LAMERCED'),
('020205','ANCASH','AIJA','SUCCHA'),
('020301','ANCASH','ANTONIORAYMONDI','LLAMELLIN'),
('020302','ANCASH','ANTONIORAYMONDI','ACZO'),
('020303','ANCASH','ANTONIORAYMONDI','CHACCHO'),
('020304','ANCASH','ANTONIORAYMONDI','CHINGAS'),
('020305','ANCASH','ANTONIORAYMONDI','MIRGAS'),
('020306','ANCASH','ANTONIORAYMONDI','SANJUANDERONTOY'),
('020401','ANCASH','ASUNCION','CHACAS'),
('020402','ANCASH','ASUNCION','ACOCHACA'),
('020501','ANCASH','BOLOGNESI','CHIQUIAN'),
('020502','ANCASH','BOLOGNESI','ABELARDOPARDOLEZAMETA'),
('020503','ANCASH','BOLOGNESI','ANTONIORAYMONDI'),
('020504','ANCASH','BOLOGNESI','AQUIA'),
('020505','ANCASH','BOLOGNESI','CAJACAY'),
('020506','ANCASH','BOLOGNESI','CANIS'),
('020507','ANCASH','BOLOGNESI','COLQUIOC'),
('020508','ANCASH','BOLOGNESI','HUALLANCA'),
('020509','ANCASH','BOLOGNESI','HUASTA'),
('020510','ANCASH','BOLOGNESI','HUAYLLACAYAN'),
('020511','ANCASH','BOLOGNESI','LAPRIMAVERA'),
('020512','ANCASH','BOLOGNESI','MANGAS'),
('020513','ANCASH','BOLOGNESI','PACLLON'),
('020514','ANCASH','BOLOGNESI','SANMIGUELDECORPANQUI'),
('020515','ANCASH','BOLOGNESI','TICLLOS'),
('020601','ANCASH','CARHUAZ','CARHUAZ'),
('020602','ANCASH','CARHUAZ','ACOPAMPA'),
('020603','ANCASH','CARHUAZ','AMASHCA'),
('020604','ANCASH','CARHUAZ','ANTA'),
('020605','ANCASH','CARHUAZ','ATAQUERO'),
('020606','ANCASH','CARHUAZ','MARCARA'),
('020607','ANCASH','CARHUAZ','PARIAHUANCA'),
('020608','ANCASH','CARHUAZ','SANMIGUELDEACO'),
('020609','ANCASH','CARHUAZ','SHILLA'),
('020610','ANCASH','CARHUAZ','TINCO'),
('020611','ANCASH','CARHUAZ','YUNGAR'),
('020701','ANCASH','CARLOSFERMINFITZCARRALD','SANLUIS'),
('020702','ANCASH','CARLOSFERMINFITZCARRALD','SANNICOLAS'),
('020703','ANCASH','CARLOSFERMINFITZCARRALD','YAUYA'),
('020801','ANCASH','CASMA','CASMA'),
('020802','ANCASH','CASMA','BUENAVISTAALTA'),
('020803','ANCASH','CASMA','COMANDANTENOEL'),
('020804','ANCASH','CASMA','YAUTAN'),
('020901','ANCASH','CORONGO','CORONGO'),
('020902','ANCASH','CORONGO','ACO'),
('020903','ANCASH','CORONGO','BAMBAS'),
('020904','ANCASH','CORONGO','CUSCA'),
('020905','ANCASH','CORONGO','LAPAMPA'),
('020906','ANCASH','CORONGO','YANAC'),
('020907','ANCASH','CORONGO','YUPAN'),
('021001','ANCASH','HUARI','HUARI'),
('021002','ANCASH','HUARI','ANRA'),
('021003','ANCASH','HUARI','CAJAY'),
('021004','ANCASH','HUARI','CHAVINDEHUANTAR'),
('021005','ANCASH','HUARI','HUACACHI'),
('021006','ANCASH','HUARI','HUACCHIS'),
('021007','ANCASH','HUARI','HUACHIS'),
('021008','ANCASH','HUARI','HUANTAR'),
('021009','ANCASH','HUARI','MASIN'),
('021010','ANCASH','HUARI','PAUCAS'),
('021011','ANCASH','HUARI','PONTO'),
('021012','ANCASH','HUARI','RAHUAPAMPA'),
('021013','ANCASH','HUARI','RAPAYAN'),
('021014','ANCASH','HUARI','SANMARCOS'),
('021015','ANCASH','HUARI','SANPEDRODECHANA'),
('021016','ANCASH','HUARI','UCO'),
('021101','ANCASH','HUARMEY','HUARMEY'),
('021102','ANCASH','HUARMEY','COCHAPETI'),
('021103','ANCASH','HUARMEY','CULEBRAS'),
('021104','ANCASH','HUARMEY','HUAYAN'),
('021105','ANCASH','HUARMEY','MALVAS'),
('021201','ANCASH','HUAYLAS','CARAZ'),
('021202','ANCASH','HUAYLAS','HUALLANCA'),
('021203','ANCASH','HUAYLAS','HUATA'),
('021204','ANCASH','HUAYLAS','HUAYLAS'),
('021205','ANCASH','HUAYLAS','MATO'),
('021206','ANCASH','HUAYLAS','PAMPAROMAS'),
('021207','ANCASH','HUAYLAS','PUEBLOLIBRE'),
('021208','ANCASH','HUAYLAS','SANTACRUZ'),
('021209','ANCASH','HUAYLAS','SANTOTORIBIO'),
('021210','ANCASH','HUAYLAS','YURACMARCA'),
('021301','ANCASH','MARISCALLUZURIAGA','PISCOBAMBA'),
('021302','ANCASH','MARISCALLUZURIAGA','CASCA'),
('021303','ANCASH','MARISCALLUZURIAGA','ELEAZARGUZMANBARRON'),
('021304','ANCASH','MARISCALLUZURIAGA','FIDELOLIVASESCUDERO'),
('021305','ANCASH','MARISCALLUZURIAGA','LLAMA'),
('021306','ANCASH','MARISCALLUZURIAGA','LLUMPA'),
('021307','ANCASH','MARISCALLUZURIAGA','LUCMA'),
('021308','ANCASH','MARISCALLUZURIAGA','MUSGA'),
('021401','ANCASH','OCROS','OCROS'),
('021402','ANCASH','OCROS','ACAS'),
('021403','ANCASH','OCROS','CAJAMARQUILLA'),
('021404','ANCASH','OCROS','CARHUAPAMPA'),
('021405','ANCASH','OCROS','COCHAS'),
('021406','ANCASH','OCROS','CONGAS'),
('021407','ANCASH','OCROS','LLIPA'),
('021408','ANCASH','OCROS','SANCRISTOBALDERAJAN'),
('021409','ANCASH','OCROS','SANPEDRO'),
('021410','ANCASH','OCROS','SANTIAGODECHILCAS'),
('021501','ANCASH','PALLASCA','CABANA'),
('021502','ANCASH','PALLASCA','BOLOGNESI'),
('021503','ANCASH','PALLASCA','CONCHUCOS'),
('021504','ANCASH','PALLASCA','HUACASCHUQUE'),
('021505','ANCASH','PALLASCA','HUANDOVAL'),
('021506','ANCASH','PALLASCA','LACABAMBA'),
('021507','ANCASH','PALLASCA','LLAPO'),
('021508','ANCASH','PALLASCA','PALLASCA'),
('021509','ANCASH','PALLASCA','PAMPAS'),
('021510','ANCASH','PALLASCA','SANTAROSA'),
('021511','ANCASH','PALLASCA','TAUCA'),
('021601','ANCASH','POMABAMBA','POMABAMBA'),
('021602','ANCASH','POMABAMBA','HUAYLLAN'),
('021603','ANCASH','POMABAMBA','PAROBAMBA'),
('021604','ANCASH','POMABAMBA','QUINUABAMBA'),
('021701','ANCASH','RECUAY','RECUAY'),
('021702','ANCASH','RECUAY','CATAC'),
('021703','ANCASH','RECUAY','COTAPARACO'),
('021704','ANCASH','RECUAY','HUAYLLAPAMPA'),
('021705','ANCASH','RECUAY','LLACLLIN'),
('021706','ANCASH','RECUAY','MARCA'),
('021707','ANCASH','RECUAY','PAMPASCHICO'),
('021708','ANCASH','RECUAY','PARARIN'),
('021709','ANCASH','RECUAY','TAPACOCHA'),
('021710','ANCASH','RECUAY','TICAPAMPA'),
('021801','ANCASH','SANTA','CHIMBOTE'),
('021802','ANCASH','SANTA','CACERESDELPERU'),
('021803','ANCASH','SANTA','COISHCO'),
('021804','ANCASH','SANTA','MACATE'),
('021805','ANCASH','SANTA','MORO'),
('021806','ANCASH','SANTA','NEPE?A'),
('021807','ANCASH','SANTA','SAMANCO'),
('021808','ANCASH','SANTA','SANTA'),
('021809','ANCASH','SANTA','NUEVOCHIMBOTE'),
('021901','ANCASH','SIHUAS','SIHUAS'),
('021902','ANCASH','SIHUAS','ACOBAMBA'),
('021903','ANCASH','SIHUAS','ALFONSOUGARTE'),
('021904','ANCASH','SIHUAS','CASHAPAMPA'),
('021905','ANCASH','SIHUAS','CHINGALPO'),
('021906','ANCASH','SIHUAS','HUAYLLABAMBA'),
('021907','ANCASH','SIHUAS','QUICHES'),
('021908','ANCASH','SIHUAS','RAGASH'),
('021909','ANCASH','SIHUAS','SANJUAN'),
('021910','ANCASH','SIHUAS','SICSIBAMBA'),
('022001','ANCASH','YUNGAY','YUNGAY'),
('022002','ANCASH','YUNGAY','CASCAPARA'),
('022003','ANCASH','YUNGAY','MANCOS'),
('022004','ANCASH','YUNGAY','MATACOTO'),
('022005','ANCASH','YUNGAY','QUILLO'),
('022006','ANCASH','YUNGAY','RANRAHIRCA'),
('022007','ANCASH','YUNGAY','SHUPLUY'),
('022008','ANCASH','YUNGAY','YANAMA'),
('030101','APURIMAC','ABANCAY','ABANCAY'),
('030102','APURIMAC','ABANCAY','CHACOCHE'),
('030103','APURIMAC','ABANCAY','CIRCA'),
('030104','APURIMAC','ABANCAY','CURAHUASI'),
('030105','APURIMAC','ABANCAY','HUANIPACA'),
('030106','APURIMAC','ABANCAY','LAMBRAMA'),
('030107','APURIMAC','ABANCAY','PICHIRHUA'),
('030108','APURIMAC','ABANCAY','SANPEDRODECACHORA'),
('030109','APURIMAC','ABANCAY','TAMBURCO'),
('030201','APURIMAC','ANDAHUAYLAS','ANDAHUAYLAS'),
('030202','APURIMAC','ANDAHUAYLAS','ANDARAPA'),
('030203','APURIMAC','ANDAHUAYLAS','CHIARA'),
('030204','APURIMAC','ANDAHUAYLAS','HUANCARAMA'),
('030205','APURIMAC','ANDAHUAYLAS','HUANCARAY'),
('030206','APURIMAC','ANDAHUAYLAS','HUAYANA'),
('030207','APURIMAC','ANDAHUAYLAS','KISHUARA'),
('030208','APURIMAC','ANDAHUAYLAS','PACOBAMBA'),
('030209','APURIMAC','ANDAHUAYLAS','PACUCHA'),
('030210','APURIMAC','ANDAHUAYLAS','PAMPACHIRI'),
('030211','APURIMAC','ANDAHUAYLAS','POMACOCHA'),
('030212','APURIMAC','ANDAHUAYLAS','SANANTONIODECACHI'),
('030213','APURIMAC','ANDAHUAYLAS','SANJERONIMO'),
('030214','APURIMAC','ANDAHUAYLAS','SANMIGUELDECHACCRAMPA'),
('030215','APURIMAC','ANDAHUAYLAS','SANTAMARIADECHICMO'),
('030216','APURIMAC','ANDAHUAYLAS','TALAVERA'),
('030217','APURIMAC','ANDAHUAYLAS','TUMAYHUARACA'),
('030218','APURIMAC','ANDAHUAYLAS','TURPO'),
('030219','APURIMAC','ANDAHUAYLAS','KAQUIABAMBA'),
('030301','APURIMAC','ANTABAMBA','ANTABAMBA'),
('030302','APURIMAC','ANTABAMBA','ELORO'),
('030303','APURIMAC','ANTABAMBA','HUAQUIRCA'),
('030304','APURIMAC','ANTABAMBA','JUANESPINOZAMEDRANO'),
('030305','APURIMAC','ANTABAMBA','OROPESA'),
('030306','APURIMAC','ANTABAMBA','PACHACONAS'),
('030307','APURIMAC','ANTABAMBA','SABAINO'),
('030401','APURIMAC','AYMARAES','CHALHUANCA'),
('030402','APURIMAC','AYMARAES','CAPAYA'),
('030403','APURIMAC','AYMARAES','CARAYBAMBA'),
('030404','APURIMAC','AYMARAES','CHAPIMARCA'),
('030405','APURIMAC','AYMARAES','COLCABAMBA'),
('030406','APURIMAC','AYMARAES','COTARUSE'),
('030407','APURIMAC','AYMARAES','HUAYLLO'),
('030408','APURIMAC','AYMARAES','JUSTOAPUSAHUARAURA'),
('030409','APURIMAC','AYMARAES','LUCRE'),
('030410','APURIMAC','AYMARAES','POCOHUANCA'),
('030411','APURIMAC','AYMARAES','SANJUANDECHAC?A'),
('030412','APURIMAC','AYMARAES','SA?AYCA'),
('030413','APURIMAC','AYMARAES','SORAYA'),
('030414','APURIMAC','AYMARAES','TAPAIRIHUA'),
('030415','APURIMAC','AYMARAES','TINTAY'),
('030416','APURIMAC','AYMARAES','TORAYA'),
('030417','APURIMAC','AYMARAES','YANACA'),
('030501','APURIMAC','COTABAMBAS','TAMBOBAMBA'),
('030502','APURIMAC','COTABAMBAS','COTABAMBAS'),
('030503','APURIMAC','COTABAMBAS','COYLLURQUI'),
('030504','APURIMAC','COTABAMBAS','HAQUIRA'),
('030505','APURIMAC','COTABAMBAS','MARA'),
('030506','APURIMAC','COTABAMBAS','CHALLHUAHUACHO'),
('030601','APURIMAC','CHINCHEROS','CHINCHEROS'),
('030602','APURIMAC','CHINCHEROS','ANCO_HUALLO'),
('030603','APURIMAC','CHINCHEROS','COCHARCAS'),
('030604','APURIMAC','CHINCHEROS','HUACCANA'),
('030605','APURIMAC','CHINCHEROS','OCOBAMBA'),
('030606','APURIMAC','CHINCHEROS','ONGOY'),
('030607','APURIMAC','CHINCHEROS','URANMARCA'),
('030608','APURIMAC','CHINCHEROS','RANRACANCHA'),
('030701','APURIMAC','GRAU','CHUQUIBAMBILLA'),
('030702','APURIMAC','GRAU','CURPAHUASI'),
('030703','APURIMAC','GRAU','GAMARRA'),
('030704','APURIMAC','GRAU','HUAYLLATI'),
('030705','APURIMAC','GRAU','MAMARA'),
('030706','APURIMAC','GRAU','MICAELABASTIDAS'),
('030707','APURIMAC','GRAU','PATAYPAMPA'),
('030708','APURIMAC','GRAU','PROGRESO'),
('030709','APURIMAC','GRAU','SANANTONIO'),
('030710','APURIMAC','GRAU','SANTAROSA'),
('030711','APURIMAC','GRAU','TURPAY'),
('030712','APURIMAC','GRAU','VILCABAMBA'),
('030713','APURIMAC','GRAU','VIRUNDO'),
('030714','APURIMAC','GRAU','CURASCO'),
('040101','AREQUIPA','AREQUIPA','AREQUIPA'),
('040102','AREQUIPA','AREQUIPA','ALTOSELVAALEGRE'),
('040103','AREQUIPA','AREQUIPA','CAYMA'),
('040104','AREQUIPA','AREQUIPA','CERROCOLORADO'),
('040105','AREQUIPA','AREQUIPA','CHARACATO'),
('040106','AREQUIPA','AREQUIPA','CHIGUATA'),
('040107','AREQUIPA','AREQUIPA','JACOBOHUNTER'),
('040108','AREQUIPA','AREQUIPA','LAJOYA'),
('040109','AREQUIPA','AREQUIPA','MARIANOMELGAR'),
('040110','AREQUIPA','AREQUIPA','MIRAFLORES'),
('040111','AREQUIPA','AREQUIPA','MOLLEBAYA'),
('040112','AREQUIPA','AREQUIPA','PAUCARPATA'),
('040113','AREQUIPA','AREQUIPA','POCSI'),
('040114','AREQUIPA','AREQUIPA','POLOBAYA'),
('040115','AREQUIPA','AREQUIPA','QUEQUE?A'),
('040116','AREQUIPA','AREQUIPA','SABANDIA'),
('040117','AREQUIPA','AREQUIPA','SACHACA'),
('040118','AREQUIPA','AREQUIPA','SANJUANDESIGUAS'),
('040119','AREQUIPA','AREQUIPA','SANJUANDETARUCANI'),
('040120','AREQUIPA','AREQUIPA','SANTAISABELDESIGUAS'),
('040121','AREQUIPA','AREQUIPA','SANTARITADESIGUAS'),
('040122','AREQUIPA','AREQUIPA','SOCABAYA'),
('040123','AREQUIPA','AREQUIPA','TIABAYA'),
('040124','AREQUIPA','AREQUIPA','UCHUMAYO'),
('040125','AREQUIPA','AREQUIPA','VITOR'),
('040126','AREQUIPA','AREQUIPA','YANAHUARA'),
('040127','AREQUIPA','AREQUIPA','YARABAMBA'),
('040128','AREQUIPA','AREQUIPA','YURA'),
('040129','AREQUIPA','AREQUIPA','JOSELUISBUSTAMANTEYRIVERO'),
('040201','AREQUIPA','CAMANA','CAMANA'),
('040202','AREQUIPA','CAMANA','JOSEMARIAQUIMPER'),
('040203','AREQUIPA','CAMANA','MARIANONICOLASVALCARCEL'),
('040204','AREQUIPA','CAMANA','MARISCALCACERES'),
('040205','AREQUIPA','CAMANA','NICOLASDEPIEROLA'),
('040206','AREQUIPA','CAMANA','OCO?A'),
('040207','AREQUIPA','CAMANA','QUILCA'),
('040208','AREQUIPA','CAMANA','SAMUELPASTOR'),
('040301','AREQUIPA','CARAVELI','CARAVELI'),
('040302','AREQUIPA','CARAVELI','ACARI'),
('040303','AREQUIPA','CARAVELI','ATICO'),
('040304','AREQUIPA','CARAVELI','ATIQUIPA'),
('040305','AREQUIPA','CARAVELI','BELLAUNION'),
('040306','AREQUIPA','CARAVELI','CAHUACHO'),
('040307','AREQUIPA','CARAVELI','CHALA'),
('040308','AREQUIPA','CARAVELI','CHAPARRA'),
('040309','AREQUIPA','CARAVELI','HUANUHUANU'),
('040310','AREQUIPA','CARAVELI','JAQUI'),
('040311','AREQUIPA','CARAVELI','LOMAS'),
('040312','AREQUIPA','CARAVELI','QUICACHA'),
('040313','AREQUIPA','CARAVELI','YAUCA'),
('040401','AREQUIPA','CASTILLA','APLAO'),
('040402','AREQUIPA','CASTILLA','ANDAGUA'),
('040403','AREQUIPA','CASTILLA','AYO'),
('040404','AREQUIPA','CASTILLA','CHACHAS'),
('040405','AREQUIPA','CASTILLA','CHILCAYMARCA'),
('040406','AREQUIPA','CASTILLA','CHOCO'),
('040407','AREQUIPA','CASTILLA','HUANCARQUI'),
('040408','AREQUIPA','CASTILLA','MACHAGUAY'),
('040409','AREQUIPA','CASTILLA','ORCOPAMPA'),
('040410','AREQUIPA','CASTILLA','PAMPACOLCA'),
('040411','AREQUIPA','CASTILLA','TIPAN'),
('040412','AREQUIPA','CASTILLA','U?ON'),
('040413','AREQUIPA','CASTILLA','URACA'),
('040414','AREQUIPA','CASTILLA','VIRACO'),
('040501','AREQUIPA','CAYLLOMA','CHIVAY'),
('040502','AREQUIPA','CAYLLOMA','ACHOMA'),
('040503','AREQUIPA','CAYLLOMA','CABANACONDE'),
('040504','AREQUIPA','CAYLLOMA','CALLALLI'),
('040505','AREQUIPA','CAYLLOMA','CAYLLOMA'),
('040506','AREQUIPA','CAYLLOMA','COPORAQUE'),
('040507','AREQUIPA','CAYLLOMA','HUAMBO'),
('040508','AREQUIPA','CAYLLOMA','HUANCA'),
('040509','AREQUIPA','CAYLLOMA','ICHUPAMPA'),
('040510','AREQUIPA','CAYLLOMA','LARI'),
('040511','AREQUIPA','CAYLLOMA','LLUTA'),
('040512','AREQUIPA','CAYLLOMA','MACA'),
('040513','AREQUIPA','CAYLLOMA','MADRIGAL'),
('040514','AREQUIPA','CAYLLOMA','SANANTONIODECHUCA'),
('040515','AREQUIPA','CAYLLOMA','SIBAYO'),
('040516','AREQUIPA','CAYLLOMA','TAPAY'),
('040517','AREQUIPA','CAYLLOMA','TISCO'),
('040518','AREQUIPA','CAYLLOMA','TUTI'),
('040519','AREQUIPA','CAYLLOMA','YANQUE'),
('040520','AREQUIPA','CAYLLOMA','MAJES'),
('040601','AREQUIPA','CONDESUYOS','CHUQUIBAMBA'),
('040602','AREQUIPA','CONDESUYOS','ANDARAY'),
('040603','AREQUIPA','CONDESUYOS','CAYARANI'),
('040604','AREQUIPA','CONDESUYOS','CHICHAS'),
('040605','AREQUIPA','CONDESUYOS','IRAY'),
('040606','AREQUIPA','CONDESUYOS','RIOGRANDE'),
('040607','AREQUIPA','CONDESUYOS','SALAMANCA'),
('040608','AREQUIPA','CONDESUYOS','YANAQUIHUA'),
('040701','AREQUIPA','ISLAY','MOLLENDO'),
('040702','AREQUIPA','ISLAY','COCACHACRA'),
('040703','AREQUIPA','ISLAY','DEANVALDIVIA'),
('040704','AREQUIPA','ISLAY','ISLAY'),
('040705','AREQUIPA','ISLAY','MEJIA'),
('040706','AREQUIPA','ISLAY','PUNTADEBOMBON'),
('040801','AREQUIPA','LAUNION','COTAHUASI'),
('040802','AREQUIPA','LAUNION','ALCA'),
('040803','AREQUIPA','LAUNION','CHARCANA'),
('040804','AREQUIPA','LAUNION','HUAYNACOTAS'),
('040805','AREQUIPA','LAUNION','PAMPAMARCA'),
('040806','AREQUIPA','LAUNION','PUYCA'),
('040807','AREQUIPA','LAUNION','QUECHUALLA'),
('040808','AREQUIPA','LAUNION','SAYLA'),
('040809','AREQUIPA','LAUNION','TAURIA'),
('040810','AREQUIPA','LAUNION','TOMEPAMPA'),
('040811','AREQUIPA','LAUNION','TORO'),
('050101','AYACUCHO','HUAMANGA','AYACUCHO'),
('050102','AYACUCHO','HUAMANGA','ACOCRO'),
('050103','AYACUCHO','HUAMANGA','ACOSVINCHOS'),
('050104','AYACUCHO','HUAMANGA','CARMENALTO'),
('050105','AYACUCHO','HUAMANGA','CHIARA'),
('050106','AYACUCHO','HUAMANGA','OCROS'),
('050107','AYACUCHO','HUAMANGA','PACAYCASA'),
('050108','AYACUCHO','HUAMANGA','QUINUA'),
('050109','AYACUCHO','HUAMANGA','SANJOSEDETICLLAS'),
('050110','AYACUCHO','HUAMANGA','SANJUANBAUTISTA'),
('050111','AYACUCHO','HUAMANGA','SANTIAGODEPISCHA'),
('050112','AYACUCHO','HUAMANGA','SOCOS'),
('050113','AYACUCHO','HUAMANGA','TAMBILLO'),
('050114','AYACUCHO','HUAMANGA','VINCHOS'),
('050115','AYACUCHO','HUAMANGA','JESUSNAZARENO'),
('050201','AYACUCHO','CANGALLO','CANGALLO'),
('050202','AYACUCHO','CANGALLO','CHUSCHI'),
('050203','AYACUCHO','CANGALLO','LOSMOROCHUCOS'),
('050204','AYACUCHO','CANGALLO','MARIAPARADODEBELLIDO'),
('050205','AYACUCHO','CANGALLO','PARAS'),
('050206','AYACUCHO','CANGALLO','TOTOS'),
('050301','AYACUCHO','HUANCASANCOS','SANCOS'),
('050302','AYACUCHO','HUANCASANCOS','CARAPO'),
('050303','AYACUCHO','HUANCASANCOS','SACSAMARCA'),
('050304','AYACUCHO','HUANCASANCOS','SANTIAGODELUCANAMARCA'),
('050401','AYACUCHO','HUANTA','HUANTA'),
('050402','AYACUCHO','HUANTA','AYAHUANCO'),
('050403','AYACUCHO','HUANTA','HUAMANGUILLA'),
('050404','AYACUCHO','HUANTA','IGUAIN'),
('050405','AYACUCHO','HUANTA','LURICOCHA'),
('050406','AYACUCHO','HUANTA','SANTILLANA'),
('050407','AYACUCHO','HUANTA','SIVIA'),
('050408','AYACUCHO','HUANTA','LLOCHEGUA'),
('050501','AYACUCHO','LAMAR','SANMIGUEL'),
('050502','AYACUCHO','LAMAR','ANCO'),
('050503','AYACUCHO','LAMAR','AYNA'),
('050504','AYACUCHO','LAMAR','CHILCAS'),
('050505','AYACUCHO','LAMAR','CHUNGUI'),
('050506','AYACUCHO','LAMAR','LUISCARRANZA'),
('050507','AYACUCHO','LAMAR','SANTAROSA'),
('050508','AYACUCHO','LAMAR','TAMBO'),
('050601','AYACUCHO','LUCANAS','PUQUIO'),
('050602','AYACUCHO','LUCANAS','AUCARA'),
('050603','AYACUCHO','LUCANAS','CABANA'),
('050604','AYACUCHO','LUCANAS','CARMENSALCEDO'),
('050605','AYACUCHO','LUCANAS','CHAVI?A'),
('050606','AYACUCHO','LUCANAS','CHIPAO'),
('050607','AYACUCHO','LUCANAS','HUAC-HUAS'),
('050608','AYACUCHO','LUCANAS','LARAMATE'),
('050609','AYACUCHO','LUCANAS','LEONCIOPRADO'),
('050610','AYACUCHO','LUCANAS','LLAUTA'),
('050611','AYACUCHO','LUCANAS','LUCANAS'),
('050612','AYACUCHO','LUCANAS','OCA?A'),
('050613','AYACUCHO','LUCANAS','OTOCA'),
('050614','AYACUCHO','LUCANAS','SAISA'),
('050615','AYACUCHO','LUCANAS','SANCRISTOBAL'),
('050616','AYACUCHO','LUCANAS','SANJUAN'),
('050617','AYACUCHO','LUCANAS','SANPEDRO'),
('050618','AYACUCHO','LUCANAS','SANPEDRODEPALCO'),
('050619','AYACUCHO','LUCANAS','SANCOS'),
('050620','AYACUCHO','LUCANAS','SANTAANADEHUAYCAHUACHO'),
('050621','AYACUCHO','LUCANAS','SANTALUCIA'),
('050701','AYACUCHO','PARINACOCHAS','CORACORA'),
('050702','AYACUCHO','PARINACOCHAS','CHUMPI'),
('050703','AYACUCHO','PARINACOCHAS','CORONELCASTA?EDA'),
('050704','AYACUCHO','PARINACOCHAS','PACAPAUSA'),
('050705','AYACUCHO','PARINACOCHAS','PULLO'),
('050706','AYACUCHO','PARINACOCHAS','PUYUSCA'),
('050707','AYACUCHO','PARINACOCHAS','SANFRANCISCODERAVACAYCO'),
('050708','AYACUCHO','PARINACOCHAS','UPAHUACHO'),
('050801','AYACUCHO','PAUCARDELSARASARA','PAUSA'),
('050802','AYACUCHO','PAUCARDELSARASARA','COLTA'),
('050803','AYACUCHO','PAUCARDELSARASARA','CORCULLA'),
('050804','AYACUCHO','PAUCARDELSARASARA','LAMPA'),
('050805','AYACUCHO','PAUCARDELSARASARA','MARCABAMBA'),
('050806','AYACUCHO','PAUCARDELSARASARA','OYOLO'),
('050807','AYACUCHO','PAUCARDELSARASARA','PARARCA'),
('050808','AYACUCHO','PAUCARDELSARASARA','SANJAVIERDEALPABAMBA'),
('050809','AYACUCHO','PAUCARDELSARASARA','SANJOSEDEUSHUA'),
('050810','AYACUCHO','PAUCARDELSARASARA','SARASARA'),
('050901','AYACUCHO','SUCRE','QUEROBAMBA'),
('050902','AYACUCHO','SUCRE','BELEN'),
('050903','AYACUCHO','SUCRE','CHALCOS'),
('050904','AYACUCHO','SUCRE','CHILCAYOC'),
('050905','AYACUCHO','SUCRE','HUACA?A'),
('050906','AYACUCHO','SUCRE','MORCOLLA'),
('050907','AYACUCHO','SUCRE','PAICO'),
('050908','AYACUCHO','SUCRE','SANPEDRODELARCAY'),
('050909','AYACUCHO','SUCRE','SANSALVADORDEQUIJE'),
('050910','AYACUCHO','SUCRE','SANTIAGODEPAUCARAY'),
('050911','AYACUCHO','SUCRE','SORAS'),
('051001','AYACUCHO','VICTORFAJARDO','HUANCAPI'),
('051002','AYACUCHO','VICTORFAJARDO','ALCAMENCA'),
('051003','AYACUCHO','VICTORFAJARDO','APONGO'),
('051004','AYACUCHO','VICTORFAJARDO','ASQUIPATA'),
('051005','AYACUCHO','VICTORFAFARDO','CANARIA'),
('051006','AYACUCHO','VICTORFAJARDO','CAYARA'),
('051007','AYACUCHO','VICTORFAJARDO','COLCA'),
('051008','AYACUCHO','VICTORFAJARDO','HUAMANQUIQUIA'),
('051009','AYACUCHO','VICTORFAJARDO','HUANCARAYLLA'),
('051010','AYACUCHO','VICTORFAJARDO','HUAYA'),
('051011','AYACUCHO','VICTORFAJARDO','SARHUA'),
('051012','AYACUCHO','VICTORFAJARDO','VILCANCHOS'),
('051101','AYACUCHO','VILCASHUAMAN','VILCASHUAMAN'),
('051102','AYACUCHO','VILCASHUAMAN','ACCOMARCA'),
('051103','AYACUCHO','VILCASHUAMAN','CARHUANCA'),
('051104','AYACUCHO','VILCASHUAMAN','CONCEPCION'),
('051105','AYACUCHO','VILCASHUAMAN','HUAMBALPA'),
('051106','AYACUCHO','VILCASHUAMAN','INDEPENDENCIA'),
('051107','AYACUCHO','VILCASHUAMAN','SAURAMA'),
('051108','AYACUCHO','VILCASHUAMAN','VISCHONGO'),
('060101','CAJAMARCA','CAJAMARCA','CAJAMARCA'),
('060102','CAJAMARCA','CAJAMARCA','ASUNCION'),
('060103','CAJAMARCA','CAJAMARCA','CHETILLA'),
('060104','CAJAMARCA','CAJAMARCA','COSPAN'),
('060105','CAJAMARCA','CAJAMARCA','ENCA?ADA'),
('060106','CAJAMARCA','CAJAMARCA','JESUS'),
('060107','CAJAMARCA','CAJAMARCA','LLACANORA'),
('060108','CAJAMARCA','CAJAMARCA','LOSBA?OSDELINCA'),
('060109','CAJAMARCA','CAJAMARCA','MAGDALENA'),
('060110','CAJAMARCA','CAJAMARCA','MATARA'),
('060111','CAJAMARCA','CAJAMARCA','NAMORA'),
('060112','CAJAMARCA','CAJAMARCA','SANJUAN'),
('060201','CAJAMARCA','CAJABAMBA','CAJABAMBA'),
('060202','CAJAMARCA','CAJABAMBA','CACHACHI'),
('060203','CAJAMARCA','CAJABAMBA','CONDEBAMBA'),
('060204','CAJAMARCA','CAJABAMBA','SITACOCHA'),
('060301','CAJAMARCA','CELENDIN','CELENDIN'),
('060302','CAJAMARCA','CELENDIN','CHUMUCH'),
('060303','CAJAMARCA','CELENDIN','CORTEGANA'),
('060304','CAJAMARCA','CELENDIN','HUASMIN'),
('060305','CAJAMARCA','CELENDIN','JORGECHAVEZ'),
('060306','CAJAMARCA','CELENDIN','JOSEGALVEZ'),
('060307','CAJAMARCA','CELENDIN','MIGUELIGLESIAS'),
('060308','CAJAMARCA','CELENDIN','OXAMARCA'),
('060309','CAJAMARCA','CELENDIN','SOROCHUCO'),
('060310','CAJAMARCA','CELENDIN','SUCRE'),
('060311','CAJAMARCA','CELENDIN','UTCO'),
('060312','CAJAMARCA','CELENDIN','LALIBERTADDEPALLAN'),
('060401','CAJAMARCA','CHOTA','CHOTA'),
('060402','CAJAMARCA','CHOTA','ANGUIA'),
('060403','CAJAMARCA','CHOTA','CHADIN'),
('060404','CAJAMARCA','CHOTA','CHIGUIRIP'),
('060405','CAJAMARCA','CHOTA','CHIMBAN'),
('060406','CAJAMARCA','CHOTA','CHOROPAMPA'),
('060407','CAJAMARCA','CHOTA','COCHABAMBA'),
('060408','CAJAMARCA','CHOTA','CONCHAN'),
('060409','CAJAMARCA','CHOTA','HUAMBOS'),
('060410','CAJAMARCA','CHOTA','LAJAS'),
('060411','CAJAMARCA','CHOTA','LLAMA'),
('060412','CAJAMARCA','CHOTA','MIRACOSTA'),
('060413','CAJAMARCA','CHOTA','PACCHA'),
('060414','CAJAMARCA','CHOTA','PION'),
('060415','CAJAMARCA','CHOTA','QUEROCOTO'),
('060416','CAJAMARCA','CHOTA','SANJUANDELICUPIS'),
('060417','CAJAMARCA','CHOTA','TACABAMBA'),
('060418','CAJAMARCA','CHOTA','TOCMOCHE'),
('060419','CAJAMARCA','CHOTA','CHALAMARCA'),
('060501','CAJAMARCA','CONTUMAZA','CONTUMAZA'),
('060502','CAJAMARCA','CONTUMAZA','CHILETE'),
('060503','CAJAMARCA','CONTUMAZA','CUPISNIQUE'),
('060504','CAJAMARCA','CONTUMAZA','GUZMANGO'),
('060505','CAJAMARCA','CONTUMAZA','SANBENITO'),
('060506','CAJAMARCA','CONTUMAZA','SANTACRUZDETOLED'),
('060507','CAJAMARCA','CONTUMAZA','TANTARICA'),
('060508','CAJAMARCA','CONTUMAZA','YONAN'),
('060601','CAJAMARCA','CUTERVO','CUTERVO'),
('060602','CAJAMARCA','CUTERVO','CALLAYUC'),
('060603','CAJAMARCA','CUTERVO','CHOROS'),
('060604','CAJAMARCA','CUTERVO','CUJILLO'),
('060605','CAJAMARCA','CUTERVO','LARAMADA'),
('060606','CAJAMARCA','CUTERVO','PIMPINGOS'),
('060607','CAJAMARCA','CUTERVO','QUEROCOTILLO'),
('060608','CAJAMARCA','CUTERVO','SANANDRESDECUTERVO'),
('060609','CAJAMARCA','CUTERVO','SANJUANDECUTERVO'),
('060610','CAJAMARCA','CUTERVO','SANLUISDELUCMA'),
('060611','CAJAMARCA','CUTERVO','SANTACRUZ'),
('060612','CAJAMARCA','CUTERVO','SANTODOMINGODELACAPILLA'),
('060613','CAJAMARCA','CUTERVO','SANTOTOMAS'),
('060614','CAJAMARCA','CUTERVO','SOCOTA'),
('060615','CAJAMARCA','CUTERVO','TORIBIOCASANOVA'),
('060701','CAJAMARCA','HUALGAYOC','BAMBAMARCA'),
('060702','CAJAMARCA','HUALGAYOC','CHUGUR'),
('060703','CAJAMARCA','HUALGAYOC','HUALGAYOC'),
('060801','CAJAMARCA','JAEN','JAEN'),
('060802','CAJAMARCA','JAEN','BELLAVISTA'),
('060803','CAJAMARCA','JAEN','CHONTALI'),
('060804','CAJAMARCA','JAEN','COLASAY'),
('060805','CAJAMARCA','JAEN','HUABAL'),
('060806','CAJAMARCA','JAEN','LASPIRIAS'),
('060807','CAJAMARCA','JAEN','POMAHUACA'),
('060808','CAJAMARCA','JAEN','PUCARA'),
('060809','CAJAMARCA','JAEN','SALLIQUE'),
('060810','CAJAMARCA','JAEN','SANFELIPE'),
('060811','CAJAMARCA','JAEN','SANJOSEDELALTO'),
('060812','CAJAMARCA','JAEN','SANTAROSA'),
('060901','CAJAMARCA','SANIGNACIO','SANIGNACIO'),
('060902','CAJAMARCA','SANIGNACIO','CHIRINOS'),
('060903','CAJAMARCA','SANIGNACIO','HUARANGO'),
('060904','CAJAMARCA','SANIGNACIO','LACOIPA'),
('060905','CAJAMARCA','SANIGNACIO','NAMBALLE'),
('060906','CAJAMARCA','SANIGNACIO','SANJOSEDELOURDES'),
('060907','CAJAMARCA','SANIGNACIO','TABACONAS'),
('061001','CAJAMARCA','SANMARCOS','PEDROGALVEZ'),
('061002','CAJAMARCA','SANMARCOS','CHANCAY'),
('061003','CAJAMARCA','SANMARCOS','EDUARDOVILLANUEVA'),
('061004','CAJAMARCA','SANMARCOS','GREGORIOPITA'),
('061005','CAJAMARCA','SANMARCOS','ICHOCAN'),
('061006','CAJAMARCA','SANMARCOS','JOSEMANUELQUIROZ'),
('061007','CAJAMARCA','SANMARCOS','JOSESABOGAL'),
('061101','CAJAMARCA','SANMIGUEL','SANMIGUEL'),
('061102','CAJAMARCA','SANMIGUEL','BOLIVAR'),
('061103','CAJAMARCA','SANMIGUEL','CALQUIS'),
('061104','CAJAMARCA','SANMIGUEL','CATILLUC'),
('061105','CAJAMARCA','SANMIGUEL','ELPRADO'),
('061106','CAJAMARCA','SANMIGUEL','LAFLORIDA'),
('061107','CAJAMARCA','SANMIGUEL','LLAPA'),
('061108','CAJAMARCA','SANMIGUEL','NANCHOC'),
('061109','CAJAMARCA','SANMIGUEL','NIEPOS'),
('061110','CAJAMARCA','SANMIGUEL','SANGREGORIO'),
('061111','CAJAMARCA','SANMIGUEL','SANSILVESTREDECOCHAN'),
('061112','CAJAMARCA','SANMIGUEL','TONGOD'),
('061113','CAJAMARCA','SANMIGUEL','UNIONAGUABLANCA'),
('061201','CAJAMARCA','SANPABLO','SANPABLO'),
('061202','CAJAMARCA','SANPABLO','SANBERNARDINO'),
('061203','CAJAMARCA','SANPABLO','SANLUIS'),
('061204','CAJAMARCA','SANPABLO','TUMBADEN'),
('061301','CAJAMARCA','SANTACRUZ','SANTACRUZ'),
('061302','CAJAMARCA','SANTACRUZ','ANDABAMBA'),
('061303','CAJAMARCA','SANTACRUZ','CATACHE'),
('061304','CAJAMARCA','SANTACRUZ','CHANCAYBA?OS'),
('061305','CAJAMARCA','SANTACRUZ','LAESPERANZA'),
('061306','CAJAMARCA','SANTACRUZ','NINABAMBA'),
('061307','CAJAMARCA','SANTACRUZ','PULAN'),
('061308','CAJAMARCA','SANTACRUZ','SAUCEPAMPA'),
('061309','CAJAMARCA','SANTACRUZ','SEXI'),
('061310','CAJAMARCA','SANTACRUZ','UTICYACU'),
('061311','CAJAMARCA','SANTACRUZ','YAUYUCAN'),
('070101','CALLAO','CALLAO','CALLAO'),
('070102','CALLAO','CALLAO','BELLAVISTA'),
('070103','CALLAO','CALLAO','CARMENDELALEGUAREYNOSO'),
('070104','CALLAO','CALLAO','LAPERLA'),
('070105','CALLAO','CALLAO','LAPUNTA'),
('070106','CALLAO','CALLAO','VENTANILLA'),
('080101','CUSCO','CUSCO','CUSCO'),
('080102','CUSCO','CUSCO','CCORCA'),
('080103','CUSCO','CUSCO','POROY'),
('080104','CUSCO','CUSCO','SANJERONIMO'),
('080105','CUSCO','CUSCO','SANSEBASTIAN'),
('080106','CUSCO','CUSCO','SANTIAGO'),
('080107','CUSCO','CUSCO','SAYLLA'),
('080108','CUSCO','CUSCO','WANCHAQ'),
('080201','CUSCO','ACOMAYO','ACOMAYO'),
('080202','CUSCO','ACOMAYO','ACOPIA'),
('080203','CUSCO','ACOMAYO','ACOS'),
('080204','CUSCO','ACOMAYO','MOSOCLLACTA'),
('080205','CUSCO','ACOMAYO','POMACANCHI'),
('080206','CUSCO','ACOMAYO','RONDOCAN'),
('080207','CUSCO','ACOMAYO','SANGARARA'),
('080301','CUSCO','ANTA','ANTA'),
('080302','CUSCO','ANTA','ANCAHUASI'),
('080303','CUSCO','ANTA','CACHIMAYO'),
('080304','CUSCO','ANTA','CHINCHAYPUJIO'),
('080305','CUSCO','ANTA','HUAROCONDO'),
('080306','CUSCO','ANTA','LIMATAMBO'),
('080307','CUSCO','ANTA','MOLLEPATA'),
('080308','CUSCO','ANTA','PUCYURA'),
('080309','CUSCO','ANTA','ZURITE'),
('080401','CUSCO','CALCA','CALCA'),
('080402','CUSCO','CALCA','COYA'),
('080403','CUSCO','CALCA','LAMAY'),
('080404','CUSCO','CALCA','LARES'),
('080405','CUSCO','CALCA','PISAC'),
('080406','CUSCO','CALCA','SANSALVADOR'),
('080407','CUSCO','CALCA','TARAY'),
('080408','CUSCO','CALCA','YANATILE'),
('080501','CUSCO','CANAS','YANAOCA'),
('080502','CUSCO','CANAS','CHECCA'),
('080503','CUSCO','CANAS','KUNTURKANKI'),
('080504','CUSCO','CANAS','LANGUI'),
('080505','CUSCO','CANAS','LAYO'),
('080506','CUSCO','CANAS','PAMPAMARCA'),
('080507','CUSCO','CANAS','QUEHUE'),
('080508','CUSCO','CANAS','TUPACAMARU'),
('080601','CUSCO','CANCHIS','SICUANI'),
('080602','CUSCO','CANCHIS','CHECACUPE'),
('080603','CUSCO','CANCHIS','COMBAPATA'),
('080604','CUSCO','CANCHIS','MARANGANI'),
('080605','CUSCO','CANCHIS','PITUMARCA'),
('080606','CUSCO','CANCHIS','SANPABLO'),
('080607','CUSCO','CANCHIS','SANPEDRO'),
('080608','CUSCO','CANCHIS','TINTA'),
('080701','CUSCO','CHUMBIVILCAS','SANTOTOMAS'),
('080702','CUSCO','CHUMBIVILCAS','CAPACMARCA'),
('080703','CUSCO','CHUMBIVILCAS','CHAMACA'),
('080704','CUSCO','CHUMBIVILCAS','COLQUEMARCA'),
('080705','CUSCO','CHUMBIVILCAS','LIVITACA'),
('080706','CUSCO','CHUMBIVILCAS','LLUSCO'),
('080707','CUSCO','CHUMBIVILCAS','QUI?OTA'),
('080708','CUSCO','CHUMBIVILCAS','VELILLE'),
('080801','CUSCO','ESPINAR','ESPINAR'),
('080802','CUSCO','ESPINAR','CONDOROMA'),
('080803','CUSCO','ESPINAR','COPORAQUE'),
('080804','CUSCO','ESPINAR','OCORURO'),
('080805','CUSCO','ESPINAR','PALLPATA'),
('080806','CUSCO','ESPINAR','PICHIGUA'),
('080807','CUSCO','ESPINAR','SUYCKUTAMBO'),
('080808','CUSCO','ESPINAR','ALTOPICHIGUA'),
('080901','CUSCO','LACONVENCION','SANTAANA'),
('080902','CUSCO','LACONVENCION','ECHARATE'),
('080903','CUSCO','LACONVENCION','HUAYOPATA'),
('080904','CUSCO','LACONVENCION','MARANURA'),
('080905','CUSCO','LACONVENCION','OCOBAMBA'),
('080906','CUSCO','LACONVENCION','QUELLOUNO'),
('080907','CUSCO','LACONVENCION','KIMBIRI'),
('080908','CUSCO','LACONVENCION','SANTATERESA'),
('080909','CUSCO','LACONVENCION','VILCABAMBA'),
('080910','CUSCO','LACONVENCION','PICHARI'),
('081001','CUSCO','PARURO','PARURO'),
('081002','CUSCO','PARURO','ACCHA'),
('081003','CUSCO','PARURO','CCAPI'),
('081004','CUSCO','PARURO','COLCHA'),
('081005','CUSCO','PARURO','HUANOQUITE'),
('081006','CUSCO','PARURO','OMACHA'),
('081007','CUSCO','PARURO','PACCARITAMBO'),
('081008','CUSCO','PARURO','PILLPINTO'),
('081009','CUSCO','PARURO','YAURISQUE'),
('081101','CUSCO','PAUCARTAMBO','PAUCARTAMBO'),
('081102','CUSCO','PAUCARTAMBO','CAICAY'),
('081103','CUSCO','PAUCARTAMBO','CHALLABAMBA'),
('081104','CUSCO','PAUCARTAMBO','COLQUEPATA'),
('081105','CUSCO','PAUCARTAMBO','HUANCARANI'),
('081106','CUSCO','PAUCARTAMBO','KOS?IPATA'),
('081201','CUSCO','QUISPICANCHI','URCOS'),
('081202','CUSCO','QUISPICANCHI','ANDAHUAYLILLAS'),
('081203','CUSCO','QUISPICANCHI','CAMANTI'),
('081204','CUSCO','QUISPICANCHI','CCARHUAYO'),
('081205','CUSCO','QUISPICANCHI','CCATCA'),
('081206','CUSCO','QUISPICANCHI','CUSIPATA'),
('081207','CUSCO','QUISPICANCHI','HUARO'),
('081208','CUSCO','QUISPICANCHI','LUCRE'),
('081209','CUSCO','QUISPICANCHI','MARCAPATA'),
('081210','CUSCO','QUISPICANCHI','OCONGATE'),
('081211','CUSCO','QUISPICANCHI','OROPESA'),
('081212','CUSCO','QUISPICANCHI','QUIQUIJANA'),
('081301','CUSCO','URUBAMBA','URUBAMBA'),
('081302','CUSCO','URUBAMBA','CHINCHERO'),
('081303','CUSCO','URUBAMBA','HUAYLLABAMBA'),
('081304','CUSCO','URUBAMBA','MACHUPICCHU'),
('081305','CUSCO','URUBAMBA','MARAS'),
('081306','CUSCO','URUBAMBA','OLLANTAYTAMBO'),
('081307','CUSCO','URUBAMBA','YUCAY'),
('090101','HUANCAVELICA','HUANCAVELICA','HUANCAVELICA'),
('090102','HUANCAVELICA','HUANCAVELICA','ACOBAMBILLA'),
('090103','HUANCAVELICA','HUANCAVELICA','ACORIA'),
('090104','HUANCAVELICA','HUANCAVELICA','CONAYCA'),
('090105','HUANCAVELICA','HUANCAVELICA','CUENCA'),
('090106','HUANCAVELICA','HUANCAVELICA','HUACHOCOLPA'),
('090107','HUANCAVELICA','HUANCAVELICA','HUAYLLAHUARA'),
('090108','HUANCAVELICA','HUANCAVELICA','IZCUCHACA'),
('090109','HUANCAVELICA','HUANCAVELICA','LARIA'),
('090110','HUANCAVELICA','HUANCAVELICA','MANTA'),
('090111','HUANCAVELICA','HUANCAVELICA','MARISCALCACERES'),
('090112','HUANCAVELICA','HUANCAVELICA','MOYA'),
('090113','HUANCAVELICA','HUANCAVELICA','NUEVOOCCORO'),
('090114','HUANCAVELICA','HUANCAVELICA','PALCA'),
('090115','HUANCAVELICA','HUANCAVELICA','PILCHACA'),
('090116','HUANCAVELICA','HUANCAVELICA','VILCA'),
('090117','HUANCAVELICA','HUANCAVELICA','YAULI'),
('090118','HUANCAVELICA','HUANCAVELICA','ASCENSION'),
('090119','HUANCAVELICA','HUANCAVELICA','HUANDO'),
('090201','HUANCAVELICA','ACOBAMBA','ACOBAMBA'),
('090202','HUANCAVELICA','ACOBAMBA','ANDABAMBA'),
('090203','HUANCAVELICA','ACOBAMBA','ANTA'),
('090204','HUANCAVELICA','ACOBAMBA','CAJA'),
('090205','HUANCAVELICA','ACOBAMBA','MARCAS'),
('090206','HUANCAVELICA','ACOBAMBA','PAUCARA'),
('090207','HUANCAVELICA','ACOBAMBA','POMACOCHA'),
('090208','HUANCAVELICA','ACOBAMBA','ROSARIO'),
('090301','HUANCAVELICA','ANGARAES','LIRCAY'),
('090302','HUANCAVELICA','ANGARAES','ANCHONGA'),
('090303','HUANCAVELICA','ANGARAES','CALLANMARCA'),
('090304','HUANCAVELICA','ANGARAES','CCOCHACCASA'),
('090305','HUANCAVELICA','ANGARAES','CHINCHO'),
('090306','HUANCAVELICA','ANGARAES','CONGALLA'),
('090307','HUANCAVELICA','ANGARAES','HUANCA-HUANCA'),
('090308','HUANCAVELICA','ANGARAES','HUAYLLAYGRANDE'),
('090309','HUANCAVELICA','ANGARAES','JULCAMARCA'),
('090310','HUANCAVELICA','ANGARAES','SANANTONIODEANTAPARCO'),
('090311','HUANCAVELICA','ANGARAES','SANTOTOMASDEPATA'),
('090312','HUANCAVELICA','ANGARAES','SECCLLA'),
('090401','HUANCAVELICA','CASTROVIRREYNA','CASTROVIRREYNA'),
('090402','HUANCAVELICA','CASTROVIRREYNA','ARMA'),
('090403','HUANCAVELICA','CASTROVIRREYNA','AURAHUA'),
('090404','HUANCAVELICA','CASTROVIRREYNA','CAPILLAS'),
('090405','HUANCAVELICA','CASTROVIRREYNA','CHUPAMARCA'),
('090406','HUANCAVELICA','CASTROVIRREYNA','COCAS'),
('090407','HUANCAVELICA','CASTROVIRREYNA','HUACHOS'),
('090408','HUANCAVELICA','CASTROVIRREYNA','HUAMATAMBO'),
('090409','HUANCAVELICA','CASTROVIRREYNA','MOLLEPAMPA'),
('090410','HUANCAVELICA','CASTROVIRREYNA','SANJUAN'),
('090411','HUANCAVELICA','CASTROVIRREYNA','SANTAANA'),
('090412','HUANCAVELICA','CASTROVIRREYNA','TANTARA'),
('090413','HUANCAVELICA','CASTROVIRREYNA','TICRAPO'),
('090501','HUANCAVELICA','CHURCAMPA','CHURCAMPA'),
('090502','HUANCAVELICA','CHURCAMPA','ANCO'),
('090503','HUANCAVELICA','CHURCAMPA','CHINCHIHUASI'),
('090504','HUANCAVELICA','CHURCAMPA','ELCARMEN'),
('090505','HUANCAVELICA','CHURCAMPA','LAMERCED'),
('090506','HUANCAVELICA','CHURCAMPA','LOCROJA'),
('090507','HUANCAVELICA','CHURCAMPA','PAUCARBAMBA'),
('090508','HUANCAVELICA','CHURCAMPA','SANMIGUELDEMAYOCC'),
('090509','HUANCAVELICA','CHURCAMPA','SANPEDRODECORIS'),
('090510','HUANCAVELICA','CHURCAMPA','PACHAMARCA'),
('090601','HUANCAVELICA','HUAYTARA','HUAYTARA'),
('090602','HUANCAVELICA','HUAYTARA','AYAVI'),
('090603','HUANCAVELICA','HUAYTARA','CORDOVA'),
('090604','HUANCAVELICA','HUAYTARA','HUAYACUNDOARMA'),
('090605','HUANCAVELICA','HUAYTARA','LARAMARCA'),
('090606','HUANCAVELICA','HUAYTARA','OCOYO'),
('090607','HUANCAVELICA','HUAYTARA','PILPICHACA'),
('090608','HUANCAVELICA','HUAYTARA','QUERCO'),
('090609','HUANCAVELICA','HUAYTARA','QUITO-ARMA'),
('090610','HUANCAVELICA','HUAYTARA','SANANTONIODECUSICANCHA'),
('090611','HUANCAVELICA','HUAYTARA','SANFRANCISCODESANGAYAICO'),
('090612','HUANCAVELICA','HUAYTARA','SANISIDRO'),
('090613','HUANCAVELICA','HUAYTARA','SANTIAGODECHOCORVOS'),
('090614','HUANCAVELICA','HUAYTARA','SANTIAGODEQUIRAHUARA'),
('090615','HUANCAVELICA','HUAYTARA','SANTODOMINGODECAPILLAS'),
('090616','HUANCAVELICA','HUAYTARA','TAMBO'),
('090701','HUANCAVELICA','TAYACAJA','PAMPAS'),
('090702','HUANCAVELICA','TAYACAJA','ACOSTAMBO'),
('090703','HUANCAVELICA','TAYACAJA','ACRAQUIA'),
('090704','HUANCAVELICA','TAYACAJA','AHUAYCHA'),
('090705','HUANCAVELICA','TAYACAJA','COLCABAMBA'),
('090706','HUANCAVELICA','TAYACAJA','DANIELHERNANDEZ'),
('090707','HUANCAVELICA','TAYACAJA','HUACHOCOLPA'),
('090709','HUANCAVELICA','TAYACAJA','HUARIBAMBA'),
('090710','HUANCAVELICA','TAYACAJA','?AHUIMPUQUIO'),
('090711','HUANCAVELICA','TAYACAJA','PAZOS'),
('090713','HUANCAVELICA','TAYACAJA','QUISHUAR'),
('090714','HUANCAVELICA','TAYACAJA','SALCABAMBA'),
('090715','HUANCAVELICA','TAYACAJA','SALCAHUASI'),
('090716','HUANCAVELICA','TAYACAJA','SANMARCOSDEROCCHAC'),
('090717','HUANCAVELICA','TAYACAJA','SURCUBAMBA'),
('090718','HUANCAVELICA','TAYACAJA','TINTAYPUNCU'),
('100101','HUANUCO','HUANUCO','HUANUCO'),
('100102','HUANUCO','HUANUCO','AMARILIS'),
('100103','HUANUCO','HUANUCO','CHINCHAO'),
('100104','HUANUCO','HUANUCO','CHURUBAMBA'),
('100105','HUANUCO','HUANUCO','MARGOS'),
('100106','HUANUCO','HUANUCO','QUISQUI'),
('100107','HUANUCO','HUANUCO','SANFRANCISCODECAYRAN'),
('100108','HUANUCO','HUANUCO','SANPEDRODECHAULAN'),
('100109','HUANUCO','HUANUCO','SANTAMARIADELVALLE'),
('100110','HUANUCO','HUANUCO','YARUMAYO'),
('100111','HUANUCO','HUANUCO','PILLCOMARCA'),
('100201','HUANUCO','AMBO','AMBO'),
('100202','HUANUCO','AMBO','CAYNA'),
('100203','HUANUCO','AMBO','COLPAS'),
('100204','HUANUCO','AMBO','CONCHAMARCA'),
('100205','HUANUCO','AMBO','HUACAR'),
('100206','HUANUCO','AMBO','SANFRANCISCO'),
('100207','HUANUCO','AMBO','SANRAFAEL'),
('100208','HUANUCO','AMBO','TOMAYKICHWA'),
('100301','HUANUCO','DOSDEMAYO','LAUNION'),
('100307','HUANUCO','DOSDEMAYO','CHUQUIS'),
('100311','HUANUCO','DOSDEMAYO','MARIAS'),
('100313','HUANUCO','DOSDEMAYO','PACHAS'),
('100316','HUANUCO','DOSDEMAYO','QUIVILLA'),
('100317','HUANUCO','DOSDEMAYO','RIPAN'),
('100321','HUANUCO','DOSDEMAYO','SHUNQUI'),
('100322','HUANUCO','DOSDEMAYO','SILLAPATA'),
('100323','HUANUCO','DOSDEMAYO','YANAS'),
('100401','HUANUCO','HUACAYBAMBA','HUACAYBAMBA'),
('100402','HUANUCO','HUACAYBAMBA','CANCHABAMBA'),
('100403','HUANUCO','HUACAYBAMBA','COCHABAMBA'),
('100404','HUANUCO','HUACAYBAMBA','PINRA'),
('100501','HUANUCO','HUAMALIES','LLATA'),
('100502','HUANUCO','HUAMALIES','ARANCAY'),
('100503','HUANUCO','HUAMALIES','CHAVINDEPARIARCA'),
('100504','HUANUCO','HUAMALIES','JACASGRANDE'),
('100505','HUANUCO','HUAMALIES','JIRCAN'),
('100506','HUANUCO','HUAMALIES','MIRAFLORES'),
('100507','HUANUCO','HUAMALIES','MONZON'),
('100508','HUANUCO','HUAMALIES','PUNCHAO'),
('100509','HUANUCO','HUAMALIES','PU?OS'),
('100510','HUANUCO','HUAMALIES','SINGA'),
('100511','HUANUCO','HUAMALIES','TANTAMAYO'),
('100601','HUANUCO','LEONCIOPRADO','RUPA-RUPA'),
('100602','HUANUCO','LEONCIOPRADO','DANIELALOMIASROBLES'),
('100603','HUANUCO','LEONCIOPRADO','HERMILIOVALDIZAN'),
('100604','HUANUCO','LEONCIOPRADO','JOSECRESPOYCASTILLO'),
('100605','HUANUCO','LEONCIOPRADO','LUYANDO'),
('100606','HUANUCO','LEONCIOPRADO','MARIANODAMASOBERAUN'),
('100701','HUANUCO','MARA?ON','HUACRACHUCO'),
('100702','HUANUCO','MARA?ON','CHOLON'),
('100703','HUANUCO','MARA?ON','SANBUENAVENTURA'),
('100801','HUANUCO','PACHITEA','PANAO'),
('100802','HUANUCO','PACHITEA','CHAGLLA'),
('100803','HUANUCO','PACHITEA','MOLINO'),
('100804','HUANUCO','PACHITEA','UMARI'),
('100901','HUANUCO','PUERTOINCA','PUERTOINCA'),
('100902','HUANUCO','PUERTOINCA','CODODELPOZUZO'),
('100903','HUANUCO','PUERTOINCA','HONORIA'),
('100904','HUANUCO','PUERTOINCA','TOURNAVISTA'),
('100905','HUANUCO','PUERTOINCA','YUYAPICHIS'),
('101001','HUANUCO','LAURICOCHA','JESUS'),
('101002','HUANUCO','LAURICOCHA','BA?OS'),
('101003','HUANUCO','LAURICOCHA','JIVIA'),
('101004','HUANUCO','LAURICOCHA','QUEROPALCA'),
('101005','HUANUCO','LAURICOCHA','RONDOS'),
('101006','HUANUCO','LAURICOCHA','SANFRANCISCODEASIS'),
('101007','HUANUCO','LAURICOCHA','SANMIGUELDECAURI'),
('101101','HUANUCO','YAROWILCA','CHAVINILLO'),
('101102','HUANUCO','YAROWILCA','CAHUAC'),
('101103','HUANUCO','YAROWILCA','CHACABAMBA'),
('101104','HUANUCO','YAROWILCA','APARICIOPOMARES'),
('101105','HUANUCO','YAROWILCA','JACASCHICO'),
('101106','HUANUCO','YAROWILCA','OBAS'),
('101107','HUANUCO','YAROWILCA','PAMPAMARCA'),
('101108','HUANUCO','YAROWILCA','CHORAS'),
('110101','ICA','ICA','ICA'),
('110102','ICA','ICA','LATINGUI?A'),
('110103','ICA','ICA','LOSAQUIJES'),
('110104','ICA','ICA','OCUCAJE'),
('110105','ICA','ICA','PACHACUTEC'),
('110106','ICA','ICA','PARCONA'),
('110107','ICA','ICA','PUEBLONUEVO'),
('110108','ICA','ICA','SALAS'),
('110109','ICA','ICA','SANJOSEDELOSMOLINOS'),
('110110','ICA','ICA','SANJUANBAUTISTA'),
('110111','ICA','ICA','SANTIAGO'),
('110112','ICA','ICA','SUBTANJALLA'),
('110113','ICA','ICA','TATE'),
('110114','ICA','ICA','YAUCADELROSARIO'),
('110201','ICA','CHINCHA','CHINCHAALTA'),
('110202','ICA','CHINCHA','ALTOLARAN'),
('110203','ICA','CHINCHA','CHAVIN'),
('110204','ICA','CHINCHA','CHINCHABAJA'),
('110205','ICA','CHINCHA','ELCARMEN'),
('110206','ICA','CHINCHA','GROCIOPRADO'),
('110207','ICA','CHINCHA','PUEBLONUEVO'),
('110208','ICA','CHINCHA','SANJUANDEYANAC'),
('110209','ICA','CHINCHA','SANPEDRODEHUACARPANA'),
('110210','ICA','CHINCHA','SUNAMPE'),
('110211','ICA','CHINCHA','TAMBODEMORA'),
('110301','ICA','NAZCA','NAZCA'),
('110302','ICA','NAZCA','CHANGUILLO'),
('110303','ICA','NAZCA','ELINGENIO'),
('110304','ICA','NAZCA','MARCONA'),
('110305','ICA','NAZCA','VISTAALEGRE'),
('110401','ICA','PALPA','PALPA'),
('110402','ICA','PALPA','LLIPATA'),
('110403','ICA','PALPA','RIOGRANDE'),
('110404','ICA','PALPA','SANTACRUZ'),
('110405','ICA','PALPA','TIBILLO'),
('110501','ICA','PISCO','PISCO'),
('110502','ICA','PISCO','HUANCANO'),
('110503','ICA','PISCO','HUMAY'),
('110504','ICA','PISCO','INDEPENDENCIA'),
('110505','ICA','PISCO','PARACAS'),
('110506','ICA','PISCO','SANANDRES'),
('110507','ICA','PISCO','SANCLEMENTE'),
('110508','ICA','PISCO','TUPACAMARUINCA'),
('120101','JUNIN','HUANCAYO','HUANCAYO'),
('120104','JUNIN','HUANCAYO','CARHUACALLANGA'),
('120105','JUNIN','HUANCAYO','CHACAPAMPA'),
('120106','JUNIN','HUANCAYO','CHICCHE'),
('120107','JUNIN','HUANCAYO','CHILCA'),
('120108','JUNIN','HUANCAYO','CHONGOSALTO'),
('120111','JUNIN','HUANCAYO','CHUPURO'),
('120112','JUNIN','HUANCAYO','COLCA'),
('120113','JUNIN','HUANCAYO','CULLHUAS'),
('120114','JUNIN','HUANCAYO','ELTAMBO'),
('120116','JUNIN','HUANCAYO','HUACRAPUQUIO'),
('120117','JUNIN','HUANCAYO','HUALHUAS'),
('120119','JUNIN','HUANCAYO','HUANCAN'),
('120120','JUNIN','HUANCAYO','HUASICANCHA'),
('120121','JUNIN','HUANCAYO','HUAYUCACHI'),
('120122','JUNIN','HUANCAYO','INGENIO'),
('120124','JUNIN','HUANCAYO','PARIAHUANCA'),
('120125','JUNIN','HUANCAYO','PILCOMAYO'),
('120126','JUNIN','HUANCAYO','PUCARA'),
('120127','JUNIN','HUANCAYO','QUICHUAY'),
('120128','JUNIN','HUANCAYO','QUILCAS'),
('120129','JUNIN','HUANCAYO','SANAGUSTIN'),
('120130','JUNIN','HUANCAYO','SANJERONIMODETUNAN'),
('120132','JUNIN','HUANCAYO','SA?O'),
('120133','JUNIN','HUANCAYO','SAPALLANGA'),
('120134','JUNIN','HUANCAYO','SICAYA'),
('120135','JUNIN','HUANCAYO','SANTODOMINGODEACOBAMBA'),
('120136','JUNIN','HUANCAYO','VIQUES'),
('120201','JUNIN','CONCEPCION','CONCEPCION'),
('120202','JUNIN','CONCEPCION','ACO'),
('120203','JUNIN','CONCEPCION','ANDAMARCA'),
('120204','JUNIN','CONCEPCION','CHAMBARA'),
('120205','JUNIN','CONCEPCION','COCHAS'),
('120206','JUNIN','CONCEPCION','COMAS'),
('120207','JUNIN','CONCEPCION','HEROINASTOLEDO'),
('120208','JUNIN','CONCEPCION','MANZANARES'),
('120209','JUNIN','CONCEPCION','MARISCALCASTILLA'),
('120210','JUNIN','CONCEPCION','MATAHUASI'),
('120211','JUNIN','CONCEPCION','MITO'),
('120212','JUNIN','CONCEPCION','NUEVEDEJULIO'),
('120213','JUNIN','CONCEPCION','ORCOTUNA'),
('120214','JUNIN','CONCEPCION','SANJOSEDEQUERO'),
('120215','JUNIN','CONCEPCION','SANTAROSADEOCOPA'),
('120301','JUNIN','CHANCHAMAYO','CHANCHAMAYO'),
('120302','JUNIN','CHANCHAMAYO','PERENE'),
('120303','JUNIN','CHANCHAMAYO','PICHANAQUI'),
('120304','JUNIN','CHANCHAMAYO','SANLUISDESHUARO'),
('120305','JUNIN','CHANCHAMAYO','SANRAMON'),
('120306','JUNIN','CHANCHAMAYO','VITOC'),
('120401','JUNIN','JAUJA','JAUJA'),
('120402','JUNIN','JAUJA','ACOLLA'),
('120403','JUNIN','JAUJA','APATA'),
('120404','JUNIN','JAUJA','ATAURA'),
('120405','JUNIN','JAUJA','CANCHAYLLO'),
('120406','JUNIN','JAUJA','CURICACA'),
('120407','JUNIN','JAUJA','ELMANTARO'),
('120408','JUNIN','JAUJA','HUAMALI'),
('120409','JUNIN','JAUJA','HUARIPAMPA'),
('120410','JUNIN','JAUJA','HUERTAS'),
('120411','JUNIN','JAUJA','JANJAILLO'),
('120412','JUNIN','JAUJA','JULCAN'),
('120413','JUNIN','JAUJA','LEONORORDO?EZ'),
('120414','JUNIN','JAUJA','LLOCLLAPAMPA'),
('120415','JUNIN','JAUJA','MARCO'),
('120416','JUNIN','JAUJA','MASMA'),
('120417','JUNIN','JAUJA','MASMACHICCHE'),
('120418','JUNIN','JAUJA','MOLINOS'),
('120419','JUNIN','JAUJA','MONOBAMBA'),
('120420','JUNIN','JAUJA','MUQUI'),
('120421','JUNIN','JAUJA','MUQUIYAUYO'),
('120422','JUNIN','JAUJA','PACA'),
('120423','JUNIN','JAUJA','PACCHA'),
('120424','JUNIN','JAUJA','PANCAN'),
('120425','JUNIN','JAUJA','PARCO'),
('120426','JUNIN','JAUJA','POMACANCHA'),
('120427','JUNIN','JAUJA','RICRAN'),
('120428','JUNIN','JAUJA','SANLORENZO'),
('120429','JUNIN','JAUJA','SANPEDRODECHUNAN'),
('120430','JUNIN','JAUJA','SAUSA'),
('120431','JUNIN','JAUJA','SINCOS'),
('120432','JUNIN','JAUJA','TUNANMARCA'),
('120433','JUNIN','JAUJA','YAULI'),
('120434','JUNIN','JAUJA','YAUYOS'),
('120501','JUNIN','JUNIN','JUNIN'),
('120502','JUNIN','JUNIN','CARHUAMAYO'),
('120503','JUNIN','JUNIN','ONDORES'),
('120504','JUNIN','JUNIN','ULCUMAYO'),
('120601','JUNIN','SATIPO','SATIPO'),
('120602','JUNIN','SATIPO','COVIRIALI'),
('120603','JUNIN','SATIPO','LLAYLLA'),
('120604','JUNIN','SATIPO','MAZAMARI'),
('120605','JUNIN','SATIPO','PAMPAHERMOSA'),
('120606','JUNIN','SATIPO','PANGOA'),
('120607','JUNIN','SATIPO','RIONEGRO'),
('120608','JUNIN','SATIPO','RIOTAMBO'),
('120701','JUNIN','TARMA','TARMA'),
('120702','JUNIN','TARMA','ACOBAMBA'),
('120703','JUNIN','TARMA','HUARICOLCA'),
('120704','JUNIN','TARMA','HUASAHUASI'),
('120705','JUNIN','TARMA','LAUNION'),
('120706','JUNIN','TARMA','PALCA'),
('120707','JUNIN','TARMA','PALCAMAYO'),
('120708','JUNIN','TARMA','SANPEDRODECAJAS'),
('120709','JUNIN','TARMA','TAPO'),
('120801','JUNIN','YAULI','LAOROYA'),
('120802','JUNIN','YAULI','CHACAPALPA'),
('120803','JUNIN','YAULI','HUAY-HUAY'),
('120804','JUNIN','YAULI','MARCAPOMACOCHA'),
('120805','JUNIN','YAULI','MOROCOCHA'),
('120806','JUNIN','YAULI','PACCHA'),
('120807','JUNIN','YAULI','SANTABARBARADECARHUACAYAN'),
('120808','JUNIN','YAULI','SANTAROSADESACCO'),
('120809','JUNIN','YAULI','SUITUCANCHA'),
('120810','JUNIN','YAULI','YAULI'),
('120901','JUNIN','CHUPACA','CHUPACA'),
('120902','JUNIN','CHUPACA','AHUAC'),
('120903','JUNIN','CHUPACA','CHONGOSBAJO'),
('120904','JUNIN','CHUPACA','HUACHAC'),
('120905','JUNIN','CHUPACA','HUAMANCACACHICO'),
('120906','JUNIN','CHUPACA','SANJUANDEYSCOS'),
('120907','JUNIN','CHUPACA','SANJUANDEJARPA'),
('120908','JUNIN','CHUPACA','TRESDEDICIEMBRE'),
('120909','JUNIN','CHUPACA','YANACANCHA'),
('130101','LALIBERTAD','TRUJILLO','TRUJILLO'),
('130102','LALIBERTAD','TRUJILLO','ELPORVENIR'),
('130103','LALIBERTAD','TRUJILLO','FLORENCIADEMORA'),
('130104','LALIBERTAD','TRUJILLO','HUANCHACO'),
('130105','LALIBERTAD','TRUJILLO','LAESPERANZA'),
('130106','LALIBERTAD','TRUJILLO','LAREDO'),
('130107','LALIBERTAD','TRUJILLO','MOCHE'),
('130108','LALIBERTAD','TRUJILLO','POROTO'),
('130109','LALIBERTAD','TRUJILLO','SALAVERRY'),
('130110','LALIBERTAD','TRUJILLO','SIMBAL'),
('130111','LALIBERTAD','TRUJILLO','VICTORLARCOHERRERA'),
('130201','LALIBERTAD','ASCOPE','ASCOPE'),
('130202','LALIBERTAD','ASCOPE','CHICAMA'),
('130203','LALIBERTAD','ASCOPE','CHOCOPE'),
('130204','LALIBERTAD','ASCOPE','MAGDALENADECAO'),
('130205','LALIBERTAD','ASCOPE','PAIJAN'),
('130206','LALIBERTAD','ASCOPE','RAZURI'),
('130207','LALIBERTAD','ASCOPE','SANTIAGODECAO'),
('130208','LALIBERTAD','ASCOPE','CASAGRANDE'),
('130301','LALIBERTAD','BOLIVAR','BOLIVAR'),
('130302','LALIBERTAD','BOLIVAR','BAMBAMARCA'),
('130303','LALIBERTAD','BOLIVAR','CONDORMARCA'),
('130304','LALIBERTAD','BOLIVAR','LONGOTEA'),
('130305','LALIBERTAD','BOLIVAR','UCHUMARCA'),
('130306','LALIBERTAD','BOLIVAR','UCUNCHA'),
('130401','LALIBERTAD','CHEPEN','CHEPEN'),
('130402','LALIBERTAD','CHEPEN','PACANGA'),
('130403','LALIBERTAD','CHEPEN','PUEBLONUEVO'),
('130501','LALIBERTAD','JULCAN','JULCAN'),
('130502','LALIBERTAD','JULCAN','CALAMARCA'),
('130503','LALIBERTAD','JULCAN','CARABAMBA'),
('130504','LALIBERTAD','JULCAN','HUASO'),
('130601','LALIBERTAD','OTUZCO','OTUZCO'),
('130602','LALIBERTAD','OTUZCO','AGALLPAMPA'),
('130604','LALIBERTAD','OTUZCO','CHARAT'),
('130605','LALIBERTAD','OTUZCO','HUARANCHAL'),
('130606','LALIBERTAD','OTUZCO','LACUESTA'),
('130608','LALIBERTAD','OTUZCO','MACHE'),
('130610','LALIBERTAD','OTUZCO','PARANDAY'),
('130611','LALIBERTAD','OTUZCO','SALPO'),
('130613','LALIBERTAD','OTUZCO','SINSICAP'),
('130614','LALIBERTAD','OTUZCO','USQUIL'),
('130701','LALIBERTAD','PACASMAYO','SANPEDRODELLOC'),
('130702','LALIBERTAD','PACASMAYO','GUADALUPE'),
('130703','LALIBERTAD','PACASMAYO','JEQUETEPEQUE'),
('130704','LALIBERTAD','PACASMAYO','PACASMAYO'),
('130705','LALIBERTAD','PACASMAYO','SANJOSE'),
('130801','LALIBERTAD','PATAZ','TAYABAMBA'),
('130802','LALIBERTAD','PATAZ','BULDIBUYO'),
('130803','LALIBERTAD','PATAZ','CHILLIA'),
('130804','LALIBERTAD','PATAZ','HUANCASPATA'),
('130805','LALIBERTAD','PATAZ','HUAYLILLAS'),
('130806','LALIBERTAD','PATAZ','HUAYO'),
('130807','LALIBERTAD','PATAZ','ONGON'),
('130808','LALIBERTAD','PATAZ','PARCOY'),
('130809','LALIBERTAD','PATAZ','PATAZ'),
('130810','LALIBERTAD','PATAZ','PIAS'),
('130811','LALIBERTAD','PATAZ','SANTIAGODECHALLAS'),
('130812','LALIBERTAD','PATAZ','TAURIJA'),
('130813','LALIBERTAD','PATAZ','URPAY'),
('130901','LALIBERTAD','SANCHEZCARRION','HUAMACHUCO'),
('130902','LALIBERTAD','SANCHEZCARRION','CHUGAY'),
('130903','LALIBERTAD','SANCHEZCARRION','COCHORCO'),
('130904','LALIBERTAD','SANCHEZCARRION','CURGOS'),
('130905','LALIBERTAD','SANCHEZCARRION','MARCABAL'),
('130906','LALIBERTAD','SANCHEZCARRION','SANAGORAN'),
('130907','LALIBERTAD','SANCHEZCARRION','SARIN'),
('130908','LALIBERTAD','SANCHEZCARRION','SARTIMBAMBA'),
('131001','LALIBERTAD','SANTIAGODECHUCO','SANTIAGODECHUCO'),
('131002','LALIBERTAD','SANTIAGODECHUCO','ANGASMARCA'),
('131003','LALIBERTAD','SANTIAGODECHUCO','CACHICADAN'),
('131004','LALIBERTAD','SANTIAGODECHUCO','MOLLEBAMBA'),
('131005','LALIBERTAD','SANTIAGODECHUCO','MOLLEPATA'),
('131006','LALIBERTAD','SANTIAGODECHUCO','QUIRUVILCA'),
('131007','LALIBERTAD','SANTIAGODECHUCO','SANTACRUZDECHUCA'),
('131008','LALIBERTAD','SANTIAGODECHUCO','SITABAMBA'),
('131101','LALIBERTAD','GRANCHIMU','CASCAS'),
('131102','LALIBERTAD','GRANCHIMU','LUCMA'),
('131103','LALIBERTAD','GRANCHIMU','COMPIN'),
('131104','LALIBERTAD','GRANCHIMU','SAYAPULLO'),
('131201','LALIBERTAD','VIRU','VIRU'),
('131202','LALIBERTAD','VIRU','CHAO'),
('131203','LALIBERTAD','VIRU','GUADALUPITO'),
('140101','LAMBAYEQUE','CHICLAYO','CHICLAYO'),
('140102','LAMBAYEQUE','CHICLAYO','CHONGOYAPE'),
('140103','LAMBAYEQUE','CHICLAYO','ETEN'),
('140104','LAMBAYEQUE','CHICLAYO','ETENPUERTO'),
('140105','LAMBAYEQUE','CHICLAYO','JOSELEONARDOORTIZ'),
('140106','LAMBAYEQUE','CHICLAYO','LAVICTORIA'),
('140107','LAMBAYEQUE','CHICLAYO','LAGUNAS'),
('140108','LAMBAYEQUE','CHICLAYO','MONSEFU'),
('140109','LAMBAYEQUE','CHICLAYO','NUEVAARICA'),
('140110','LAMBAYEQUE','CHICLAYO','OYOTUN'),
('140111','LAMBAYEQUE','CHICLAYO','PICSI'),
('140112','LAMBAYEQUE','CHICLAYO','PIMENTEL'),
('140113','LAMBAYEQUE','CHICLAYO','REQUE'),
('140114','LAMBAYEQUE','CHICLAYO','SANTAROSA'),
('140115','LAMBAYEQUE','CHICLAYO','SA?A'),
('140116','LAMBAYEQUE','CHICLAYO','CAYALTI'),
('140117','LAMBAYEQUE','CHICLAYO','PATAPO'),
('140118','LAMBAYEQUE','CHICLAYO','POMALCA'),
('140119','LAMBAYEQUE','CHICLAYO','PUCALA'),
('140120','LAMBAYEQUE','CHICLAYO','TUMAN'),
('140201','LAMBAYEQUE','FERRE?AFE','FERRE?AFE'),
('140202','LAMBAYEQUE','FERRE?AFE','CA?ARIS'),
('140203','LAMBAYEQUE','FERRE?AFE','INCAHUASI'),
('140204','LAMBAYEQUE','FERRE?AFE','MANUELANTONIOMESONESMURO'),
('140205','LAMBAYEQUE','FERRE?AFE','PITIPO'),
('140206','LAMBAYEQUE','FERRE?AFE','PUEBLONUEVO'),
('140301','LAMBAYEQUE','LAMBAYEQUE','LAMBAYEQUE'),
('140302','LAMBAYEQUE','LAMBAYEQUE','CHOCHOPE'),
('140303','LAMBAYEQUE','LAMBAYEQUE','ILLIMO'),
('140304','LAMBAYEQUE','LAMBAYEQUE','JAYANCA'),
('140305','LAMBAYEQUE','LAMBAYEQUE','MOCHUMI'),
('140306','LAMBAYEQUE','LAMBAYEQUE','MORROPE'),
('140307','LAMBAYEQUE','LAMBAYEQUE','MOTUPE'),
('140308','LAMBAYEQUE','LAMBAYEQUE','OLMOS'),
('140309','LAMBAYEQUE','LAMBAYEQUE','PACORA'),
('140310','LAMBAYEQUE','LAMBAYEQUE','SALAS'),
('140311','LAMBAYEQUE','LAMBAYEQUE','SANJOSE'),
('140312','LAMBAYEQUE','LAMBAYEQUE','TUCUME'),
('150101','LIMA','LIMA','LIMA'),
('150102','LIMA','LIMA','ANCON'),
('150103','LIMA','LIMA','ATE'),
('150104','LIMA','LIMA','BARRANCO'),
('150105','LIMA','LIMA','BRE?A'),
('150106','LIMA','LIMA','CARABAYLLO'),
('150107','LIMA','LIMA','CHACLACAYO'),
('150108','LIMA','LIMA','CHORRILLOS'),
('150109','LIMA','LIMA','CIENEGUILLA'),
('150110','LIMA','LIMA','COMAS'),
('150111','LIMA','LIMA','ELAGUSTINO'),
('150112','LIMA','LIMA','INDEPENDENCIA'),
('150113','LIMA','LIMA','JESUSMARIA'),
('150114','LIMA','LIMA','LAMOLINA'),
('150115','LIMA','LIMA','LAVICTORIA'),
('150116','LIMA','LIMA','LINCE'),
('150117','LIMA','LIMA','LOSOLIVOS'),
('150118','LIMA','LIMA','LURIGANCHO'),
('150119','LIMA','LIMA','LURIN'),
('150120','LIMA','LIMA','MAGDALENADELMAR'),
('150121','LIMA','LIMA','MAGDALENAVIEJA'),
('150122','LIMA','LIMA','MIRAFLORES'),
('150123','LIMA','LIMA','PACHACAMAC'),
('150124','LIMA','LIMA','PUCUSANA'),
('150125','LIMA','LIMA','PUENTEPIEDRA'),
('150126','LIMA','LIMA','PUNTAHERMOSA'),
('150127','LIMA','LIMA','PUNTANEGRA'),
('150128','LIMA','LIMA','RIMAC'),
('150129','LIMA','LIMA','SANBARTOLO'),
('150130','LIMA','LIMA','SANBORJA'),
('150131','LIMA','LIMA','SANISIDRO'),
('150132','LIMA','LIMA','SANJUANDELURIGANCHO'),
('150133','LIMA','LIMA','SANJUANDEMIRAFLORES'),
('150134','LIMA','LIMA','SANLUIS'),
('150135','LIMA','LIMA','SANMARTINDEPORRES'),
('150136','LIMA','LIMA','SANMIGUEL'),
('150137','LIMA','LIMA','SANTAANITA'),
('150138','LIMA','LIMA','SANTAMARIADELMAR'),
('150139','LIMA','LIMA','SANTAROSA'),
('150140','LIMA','LIMA','SANTIAGODESURCO'),
('150141','LIMA','LIMA','SURQUILLO'),
('150142','LIMA','LIMA','VILLAELSALVADOR'),
('150143','LIMA','LIMA','VILLAMARIADELTRIUNFO'),
('150201','LIMA','BARRANCA','BARRANCA'),
('150202','LIMA','BARRANCA','PARAMONGA'),
('150203','LIMA','BARRANCA','PATIVILCA'),
('150204','LIMA','BARRANCA','SUPE'),
('150205','LIMA','BARRANCA','SUPEPUERTO'),
('150301','LIMA','CAJATAMBO','CAJATAMBO'),
('150302','LIMA','CAJATAMBO','COPA'),
('150303','LIMA','CAJATAMBO','GORGOR'),
('150304','LIMA','CAJATAMBO','HUANCAPON'),
('150305','LIMA','CAJATAMBO','MANAS'),
('150401','LIMA','CANTA','CANTA'),
('150402','LIMA','CANTA','ARAHUAY'),
('150403','LIMA','CANTA','HUAMANTANGA'),
('150404','LIMA','CANTA','HUAROS'),
('150405','LIMA','CANTA','LACHAQUI'),
('150406','LIMA','CANTA','SANBUENAVENTURA'),
('150407','LIMA','CANTA','SANTAROSADEQUIVES'),
('150501','LIMA','CA?ETE','SANVICENTEDECA?ETE'),
('150502','LIMA','CA?ETE','ASIA'),
('150503','LIMA','CA?ETE','CALANGO'),
('150504','LIMA','CA?ETE','CERROAZUL'),
('150505','LIMA','CA?ETE','CHILCA'),
('150506','LIMA','CA?ETE','COAYLLO'),
('150507','LIMA','CA?ETE','IMPERIAL'),
('150508','LIMA','CA?ETE','LUNAHUANA'),
('150509','LIMA','CA?ETE','MALA'),
('150510','LIMA','CA?ETE','NUEVOIMPERIAL'),
('150511','LIMA','CA?ETE','PACARAN'),
('150512','LIMA','CA?ETE','QUILMANA'),
('150513','LIMA','CA?ETE','SANANTONIO'),
('150514','LIMA','CA?ETE','SANLUIS'),
('150515','LIMA','CA?ETE','SANTACRUZDEFLORES'),
('150516','LIMA','CA?ETE','ZU?IGA'),
('150601','LIMA','HUARAL','HUARAL'),
('150602','LIMA','HUARAL','ATAVILLOSALTO'),
('150603','LIMA','HUARAL','ATAVILLOSBAJO'),
('150604','LIMA','HUARAL','AUCALLAMA'),
('150605','LIMA','HUARAL','CHANCAY'),
('150606','LIMA','HUARAL','IHUARI'),
('150607','LIMA','HUARAL','LAMPIAN'),
('150608','LIMA','HUARAL','PACARAOS'),
('150609','LIMA','HUARAL','SANMIGUELDEACOS'),
('150610','LIMA','HUARAL','SANTACRUZDEANDAMARCA'),
('150611','LIMA','HUARAL','SUMBILCA'),
('150612','LIMA','HUARAL','VEINTISIETEDENOVIEMBRE'),
('150701','LIMA','HUAROCHIRI','MATUCANA'),
('150702','LIMA','HUAROCHIRI','ANTIOQUIA'),
('150703','LIMA','HUAROCHIRI','CALLAHUANCA'),
('150704','LIMA','HUAROCHIRI','CARAMPOMA'),
('150705','LIMA','HUAROCHIRI','CHICLA'),
('150706','LIMA','HUAROCHIRI','CUENCA'),
('150707','LIMA','HUAROCHIRI','HUACHUPAMPA'),
('150708','LIMA','HUAROCHIRI','HUANZA'),
('150709','LIMA','HUAROCHIRI','HUAROCHIRI'),
('150710','LIMA','HUAROCHIRI','LAHUAYTAMBO'),
('150711','LIMA','HUAROCHIRI','LANGA'),
('150712','LIMA','HUAROCHIRI','LARAOS'),
('150713','LIMA','HUAROCHIRI','MARIATANA'),
('150714','LIMA','HUAROCHIRI','RICARDOPALMA'),
('150715','LIMA','HUAROCHIRI','SANANDRESDETUPICOCHA'),
('150716','LIMA','HUAROCHIRI','SANANTONIO'),
('150717','LIMA','HUAROCHIRI','SANBARTOLOME'),
('150718','LIMA','HUAROCHIRI','SANDAMIAN'),
('150719','LIMA','HUAROCHIRI','SANJUANDEIRIS'),
('150720','LIMA','HUAROCHIRI','SANJUANDETANTARANCHE'),
('150721','LIMA','HUAROCHIRI','SANLORENZODEQUINTI'),
('150722','LIMA','HUAROCHIRI','SANMATEO'),
('150723','LIMA','HUAROCHIRI','SANMATEODEOTAO'),
('150724','LIMA','HUAROCHIRI','SANPEDRODECASTA'),
('150725','LIMA','HUAROCHIRI','SANPEDRODEHUANCAYRE'),
('150726','LIMA','HUAROCHIRI','SANGALLAYA'),
('150727','LIMA','HUAROCHIRI','SANTACRUZDECOCACHACRA'),
('150728','LIMA','HUAROCHIRI','SANTAEULALIA'),
('150729','LIMA','HUAROCHIRI','SANTIAGODEANCHUCAYA'),
('150730','LIMA','HUAROCHIRI','SANTIAGODETUNA'),
('150731','LIMA','HUAROCHIRI','SANTODOMINGODELOSOLLEROS'),
('150732','LIMA','HUAROCHIRI','SURCO'),
('150801','LIMA','HUAURA','HUACHO'),
('150802','LIMA','HUAURA','AMBAR'),
('150803','LIMA','HUAURA','CALETADECARQUIN'),
('150804','LIMA','HUAURA','CHECRAS'),
('150805','LIMA','HUAURA','HUALMAY'),
('150806','LIMA','HUAURA','HUAURA'),
('150807','LIMA','HUAURA','LEONCIOPRADO'),
('150808','LIMA','HUAURA','PACCHO'),
('150809','LIMA','HUAURA','SANTALEONOR'),
('150810','LIMA','HUAURA','SANTAMARIA'),
('150811','LIMA','HUAURA','SAYAN'),
('150812','LIMA','HUAURA','VEGUETA'),
('150901','LIMA','OYON','OYON'),
('150902','LIMA','OYON','ANDAJES'),
('150903','LIMA','OYON','CAUJUL'),
('150904','LIMA','OYON','COCHAMARCA'),
('150905','LIMA','OYON','NAVAN'),
('150906','LIMA','OYON','PACHANGARA'),
('151001','LIMA','YAUYOS','YAUYOS'),
('151002','LIMA','YAUYOS','ALIS'),
('151003','LIMA','YAUYOS','AYAUCA'),
('151004','LIMA','YAUYOS','AYAVIRI'),
('151005','LIMA','YAUYOS','AZANGARO'),
('151006','LIMA','YAUYOS','CACRA'),
('151007','LIMA','YAUYOS','CARANIA'),
('151008','LIMA','YAUYOS','CATAHUASI'),
('151009','LIMA','YAUYOS','CHOCOS'),
('151010','LIMA','YAUYOS','COCHAS'),
('151011','LIMA','YAUYOS','COLONIA'),
('151012','LIMA','YAUYOS','HONGOS'),
('151013','LIMA','YAUYOS','HUAMPARA'),
('151014','LIMA','YAUYOS','HUANCAYA'),
('151015','LIMA','YAUYOS','HUANGASCAR'),
('151016','LIMA','YAUYOS','HUANTAN'),
('151017','LIMA','YAUYOS','HUA?EC'),
('151018','LIMA','YAUYOS','LARAOS'),
('151019','LIMA','YAUYOS','LINCHA'),
('151020','LIMA','YAUYOS','MADEAN'),
('151021','LIMA','YAUYOS','MIRAFLORES'),
('151022','LIMA','YAUYOS','OMAS'),
('151023','LIMA','YAUYOS','PUTINZA'),
('151024','LIMA','YAUYOS','QUINCHES'),
('151025','LIMA','YAUYOS','QUINOCAY'),
('151026','LIMA','YAUYOS','SANJOAQUIN'),
('151027','LIMA','YAUYOS','SANPEDRODEPILAS'),
('151028','LIMA','YAUYOS','TANTA'),
('151029','LIMA','YAUYOS','TAURIPAMPA'),
('151030','LIMA','YAUYOS','TOMAS'),
('151031','LIMA','YAUYOS','TUPE'),
('151032','LIMA','YAUYOS','VI?AC'),
('151033','LIMA','YAUYOS','VITIS'),
('160101','LORETO','MAYNAS','IQUITOS'),
('160102','LORETO','MAYNAS','ALTONANAY'),
('160103','LORETO','MAYNAS','FERNANDOLORES'),
('160104','LORETO','MAYNAS','INDIANA'),
('160105','LORETO','MAYNAS','LASAMAZONAS'),
('160106','LORETO','MAYNAS','MAZAN'),
('160107','LORETO','MAYNAS','NAPO'),
('160108','LORETO','MAYNAS','PUNCHANA'),
('160109','LORETO','MAYNAS','PUTUMAYO'),
('160110','LORETO','MAYNAS','TORRESCAUSANA'),
('160112','LORETO','MAYNAS','BELEN'),
('160113','LORETO','MAYNAS','SANJUANBAUTISTA'),
('160114','LORETO','MAYNAS','TENIENTEMANUELCLAVERO'),
('160201','LORETO','ALTOAMAZONAS','YURIMAGUAS'),
('160202','LORETO','ALTOAMAZONAS','BALSAPUERTO'),
('160205','LORETO','ALTOAMAZONAS','JEBEROS'),
('160206','LORETO','ALTOAMAZONAS','LAGUNAS'),
('160210','LORETO','ALTOAMAZONAS','SANTACRUZ'),
('160211','LORETO','ALTOAMAZONAS','TENIENTECESARLOPEZROJAS'),
('160301','LORETO','LORETO','NAUTA'),
('160302','LORETO','LORETO','PARINARI'),
('160303','LORETO','LORETO','TIGRE'),
('160304','LORETO','LORETO','TROMPETEROS'),
('160305','LORETO','LORETO','URARINAS'),
('160401','LORETO','MARISCALRAMONCASTILLA','RAMONCASTILLA'),
('160402','LORETO','MARISCALRAMONCASTILLA','PEBAS'),
('160403','LORETO','MARISCALRAMONCASTILLA','YAVARI'),
('160404','LORETO','MARISCALRAMONCASTILLA','SANPABLO'),
('160501','LORETO','REQUENA','REQUENA'),
('160502','LORETO','REQUENA','ALTOTAPICHE'),
('160503','LORETO','REQUENA','CAPELO'),
('160504','LORETO','REQUENA','EMILIOSANMARTIN'),
('160505','LORETO','REQUENA','MAQUIA'),
('160506','LORETO','REQUENA','PUINAHUA'),
('160507','LORETO','REQUENA','SAQUENA'),
('160508','LORETO','REQUENA','SOPLIN'),
('160509','LORETO','REQUENA','TAPICHE'),
('160510','LORETO','REQUENA','JENAROHERRERA'),
('160511','LORETO','REQUENA','YAQUERANA'),
('160601','LORETO','UCAYALI','CONTAMANA'),
('160602','LORETO','UCAYALI','INAHUAYA'),
('160603','LORETO','UCAYALI','PADREMARQUEZ'),
('160604','LORETO','UCAYALI','PAMPAHERMOSA'),
('160605','LORETO','UCAYALI','SARAYACU'),
('160606','LORETO','UCAYALI','VARGASGUERRA'),
('160701','LORETO','DATEMDELMARA?ON','BARRANCA'),
('160702','LORETO','DATEMDELMARA?ON','CAHUAPANAS'),
('160703','LORETO','DATEMDELMARA?ON','MANSERICHE'),
('160704','LORETO','DATEMDELMARA?ON','MORONA'),
('160705','LORETO','DATEMDELMARA?ON','PASTAZA'),
('160706','LORETO','DATEMDELMARA?ON','ANDOAS'),
('170101','MADREDEDIOS','TAMBOPATA','TAMBOPATA'),
('170102','MADREDEDIOS','TAMBOPATA','INAMBARI'),
('170103','MADREDEDIOS','TAMBOPATA','LASPIEDRAS'),
('170104','MADREDEDIOS','TAMBOPATA','LABERINTO'),
('170201','MADREDEDIOS','MANU','MANU'),
('170202','MADREDEDIOS','MANU','FITZCARRALD'),
('170203','MADREDEDIOS','MANU','MADREDEDIOS'),
('170204','MADREDEDIOS','MANU','HUEPETUHE'),
('170301','MADREDEDIOS','TAHUAMANU','I?APARI'),
('170302','MADREDEDIOS','TAHUAMANU','IBERIA'),
('170303','MADREDEDIOS','TAHUAMANU','TAHUAMANU'),
('180101','MOQUEGUA','MARISCALNIETO','MOQUEGUA'),
('180102','MOQUEGUA','MARISCALNIETO','CARUMAS'),
('180103','MOQUEGUA','MARISCALNIETO','CUCHUMBAYA'),
('180104','MOQUEGUA','MARISCALNIETO','SAMEGUA'),
('180105','MOQUEGUA','MARISCALNIETO','SANCRISTOBAL'),
('180106','MOQUEGUA','MARISCALNIETO','TORATA'),
('180201','MOQUEGUA','GENERALSANCHEZCERRO','OMATE'),
('180202','MOQUEGUA','GENERALSANCHEZCERRO','CHOJATA'),
('180203','MOQUEGUA','GENERALSANCHEZCERRO','COALAQUE'),
('180204','MOQUEGUA','GENERALSANCHEZCERRO','ICHU?A'),
('180205','MOQUEGUA','GENERALSANCHEZCERRO','LACAPILLA'),
('180206','MOQUEGUA','GENERALSANCHEZCERRO','LLOQUE'),
('180207','MOQUEGUA','GENERALSANCHEZCERRO','MATALAQUE'),
('180208','MOQUEGUA','GENERALSANCHEZCERRO','PUQUINA'),
('180209','MOQUEGUA','GENERALSANCHEZCERRO','QUINISTAQUILLAS'),
('180210','MOQUEGUA','GENERALSANCHEZCERRO','UBINAS'),
('180211','MOQUEGUA','GENERALSANCHEZCERRO','YUNGA'),
('180301','MOQUEGUA','ILO','ILO'),
('180302','MOQUEGUA','ILO','ELALGARROBAL'),
('180303','MOQUEGUA','ILO','PACOCHA'),
('190101','PASCO','PASCO','CHAUPIMARCA'),
('190102','PASCO','PASCO','HUACHON'),
('190103','PASCO','PASCO','HUARIACA'),
('190104','PASCO','PASCO','HUAYLLAY'),
('190105','PASCO','PASCO','NINACACA'),
('190106','PASCO','PASCO','PALLANCHACRA'),
('190107','PASCO','PASCO','PAUCARTAMBO'),
('190108','PASCO','PASCO','SANFRANCISCODEASISDEYARUSYACAN'),
('190109','PASCO','PASCO','SIMONBOLIVAR'),
('190110','PASCO','PASCO','TICLACAYAN'),
('190111','PASCO','PASCO','TINYAHUARCO'),
('190112','PASCO','PASCO','VICCO'),
('190113','PASCO','PASCO','YANACANCHA'),
('190201','PASCO','DANIELALCIDESCARRION','YANAHUANCA'),
('190202','PASCO','DANIELALCIDESCARRION','CHACAYAN'),
('190203','PASCO','DANIELALCIDESCARRION','GOYLLARISQUIZGA'),
('190204','PASCO','DANIELALCIDESCARRION','PAUCAR'),
('190205','PASCO','DANIELALCIDESCARRION','SANPEDRODEPILLAO'),
('190206','PASCO','DANIELALCIDESCARRION','SANTAANADETUSI'),
('190207','PASCO','DANIELALCIDESCARRION','TAPUC'),
('190208','PASCO','DANIELALCIDESCARRION','VILCABAMBA'),
('190301','PASCO','OXAPAMPA','OXAPAMPA'),
('190302','PASCO','OXAPAMPA','CHONTABAMBA'),
('190303','PASCO','OXAPAMPA','HUANCABAMBA'),
('190304','PASCO','OXAPAMPA','PALCAZU'),
('190305','PASCO','OXAPAMPA','POZUZO'),
('190306','PASCO','OXAPAMPA','PUERTOBERMUDEZ'),
('190307','PASCO','OXAPAMPA','VILLARICA'),
('200101','PIURA','PIURA','PIURA'),
('200104','PIURA','PIURA','CASTILLA'),
('200105','PIURA','PIURA','CATACAOS'),
('200107','PIURA','PIURA','CURAMORI'),
('200108','PIURA','PIURA','ELTALLAN'),
('200109','PIURA','PIURA','LAARENA'),
('200110','PIURA','PUIRA','LAUNION'),
('200111','PIURA','PIURA','LASLOMAS'),
('200114','PIURA','PIURA','TAMBOGRANDE'),
('200201','PIURA','AYABACA','AYABACA'),
('200202','PIURA','AYABACA','FRIAS'),
('200203','PIURA','AYABACA','JILILI'),
('200204','PIURA','AYABACA','LAGUNAS'),
('200205','PIURA','AYABACA','MONTERO'),
('200206','PIURA','AYABACA','PACAIPAMPA'),
('200207','PIURA','AYABACA','PAIMAS'),
('200208','PIURA','AYABACA','SAPILLICA'),
('200209','PIURA','AYABACA','SICCHEZ'),
('200210','PIURA','AYABACA','SUYO'),
('200301','PIURA','HUANCABAMBA','HUANCABAMBA'),
('200302','PIURA','HUANCABAMBA','CANCHAQUE'),
('200303','PIURA','HUANCABAMBA','ELCARMENDELAFRONTERA'),
('200304','PIURA','HUANCABAMBA','HUARMACA'),
('200305','PIURA','HUANCABAMBA','LALAQUIZ'),
('200306','PIURA','HUANCABAMBA','SANMIGUELDEELFAIQUE'),
('200307','PIURA','HUANCABAMBA','SONDOR'),
('200308','PIURA','HUANCABAMBA','SONDORILLO'),
('200401','PIURA','MORROPON','CHULUCANAS'),
('200402','PIURA','MORROPON','BUENOSAIRES'),
('200403','PIURA','MORROPON','CHALACO'),
('200404','PIURA','MORROPON','LAMATANZA'),
('200405','PIURA','MORROPON','MORROPON'),
('200406','PIURA','MORROPON','SALITRAL'),
('200407','PIURA','MORROPON','SANJUANDEBIGOTE'),
('200408','PIURA','MORROPON','SANTACATALINADEMOSSA'),
('200409','PIURA','MORROPON','SANTODOMINGO'),
('200410','PIURA','MORROPON','YAMANGO'),
('200501','PIURA','PAITA','PAITA'),
('200502','PIURA','PAITA','AMOTAPE'),
('200503','PIURA','PAITA','ARENAL'),
('200504','PIURA','PAITA','COLAN'),
('200505','PIURA','PAITA','LAHUACA'),
('200506','PIURA','PAITA','TAMARINDO'),
('200507','PIURA','PAITA','VICHAYAL'),
('200601','PIURA','SULLANA','SULLANA'),
('200602','PIURA','SULLANA','BELLAVISTA'),
('200603','PIURA','SULLANA','IGNACIOESCUDERO'),
('200604','PIURA','SULLANA','LANCONES'),
('200605','PIURA','SULLANA','MARCAVELICA'),
('200606','PIURA','SULLANA','MIGUELCHECA'),
('200607','PIURA','SULLANA','QUERECOTILLO'),
('200608','PIURA','SULLANA','SALITRAL'),
('200701','PIURA','TALARA','PARI?AS'),
('200702','PIURA','TALARA','ELALTO'),
('200703','PIURA','TALARA','LABREA'),
('200704','PIURA','TALARA','LOBITOS'),
('200705','PIURA','TALARA','LOSORGANOS'),
('200706','PIURA','TALARA','MANCORA'),
('200801','PIURA','SECHURA','SECHURA'),
('200802','PIURA','SECHURA','BELLAVISTADELAUNION'),
('200803','PIURA','SECHURA','BERNAL'),
('200804','PIURA','SECHURA','CRISTONOSVALGA'),
('200805','PIURA','SECHURA','VICE'),
('200806','PIURA','SECHURA','RINCONADALLICUAR'),
('210101','PUNO','PUNO','PUNO'),
('210102','PUNO','PUNO','ACORA'),
('210103','PUNO','PUNO','AMANTANI'),
('210104','PUNO','PUNO','ATUNCOLLA'),
('210105','PUNO','PUNO','CAPACHICA'),
('210106','PUNO','PUNO','CHUCUITO'),
('210107','PUNO','PUNO','COATA'),
('210108','PUNO','PUNO','HUATA'),
('210109','PUNO','PUNO','MA?AZO'),
('210110','PUNO','PUNO','PAUCARCOLLA'),
('210111','PUNO','PUNO','PICHACANI'),
('210112','PUNO','PUNO','PLATERIA'),
('210113','PUNO','PUNO','SANANTONIO'),
('210114','PUNO','PUNO','TIQUILLACA'),
('210115','PUNO','PUNO','VILQUE'),
('210201','PUNO','AZANGARO','AZANGARO'),
('210202','PUNO','AZANGARO','ACHAYA'),
('210203','PUNO','AZANGARO','ARAPA'),
('210204','PUNO','AZANGARO','ASILLO'),
('210205','PUNO','AZANGARO','CAMINACA'),
('210206','PUNO','AZANGARO','CHUPA'),
('210207','PUNO','AZANGARO','JOSEDOMINGOCHOQUEHUANCA'),
('210208','PUNO','AZANGARO','MU?ANI'),
('210209','PUNO','AZANGARO','POTONI'),
('210210','PUNO','AZANGARO','SAMAN'),
('210211','PUNO','AZANGARO','SANANTON'),
('210212','PUNO','AZANGARO','SANJOSE'),
('210213','PUNO','AZANGARO','SANJUANDESALINAS'),
('210214','PUNO','AZANGARO','SANTIAGODEPUPUJA'),
('210215','PUNO','AZANGARO','TIRAPATA'),
('210301','PUNO','CARABAYA','MACUSANI'),
('210302','PUNO','CARABAYA','AJOYANI'),
('210303','PUNO','CARABAYA','AYAPATA'),
('210304','PUNO','CARABAYA','COASA'),
('210305','PUNO','CARABAYA','CORANI'),
('210306','PUNO','CARABAYA','CRUCERO'),
('210307','PUNO','CARABAYA','ITUATA'),
('210308','PUNO','CARABAYA','OLLACHEA'),
('210309','PUNO','CARABAYA','SANGABAN'),
('210310','PUNO','CARABAYA','USICAYOS'),
('210401','PUNO','CHUCUITO','JULI'),
('210402','PUNO','CHUCUITO','DESAGUADERO'),
('210403','PUNO','CHUCUITO','HUACULLANI'),
('210404','PUNO','CHUCUITO','KELLUYO'),
('210405','PUNO','CHUCUITO','PISACOMA'),
('210406','PUNO','CHUCUITO','POMATA'),
('210407','PUNO','CHUCUITO','ZEPITA'),
('210501','PUNO','ELCOLLAO','ILAVE'),
('210502','PUNO','ELCOLLAO','CAPAZO'),
('210503','PUNO','ELCOLLAO','PILCUYO'),
('210504','PUNO','ELCOLLAO','SANTAROSA'),
('210505','PUNO','ELCOLLAO','CONDURIRI'),
('210601','PUNO','HUANCANE','HUANCANE'),
('210602','PUNO','HUANCANE','COJATA'),
('210603','PUNO','HUANCANE','HUATASANI'),
('210604','PUNO','HUANCANE','INCHUPALLA'),
('210605','PUNO','HUANCANE','PUSI'),
('210606','PUNO','HUANCANE','ROSASPATA'),
('210607','PUNO','HUANCANE','TARACO'),
('210608','PUNO','HUANCANE','VILQUECHICO'),
('210701','PUNO','LAMPA','LAMPA'),
('210702','PUNO','LAMPA','CABANILLA'),
('210703','PUNO','LAMPA','CALAPUJA'),
('210704','PUNO','LAMPA','NICASIO'),
('210705','PUNO','LAMPA','OCUVIRI'),
('210706','PUNO','LAMPA','PALCA'),
('210707','PUNO','LAMPA','PARATIA'),
('210708','PUNO','LAMPA','PUCARA'),
('210709','PUNO','LAMPA','SANTALUCIA'),
('210710','PUNO','LAMPA','VILAVILA'),
('210801','PUNO','MELGAR','AYAVIRI'),
('210802','PUNO','MELGAR','ANTAUTA'),
('210803','PUNO','MELGAR','CUPI'),
('210804','PUNO','MELGAR','LLALLI'),
('210805','PUNO','MELGAR','MACARI'),
('210806','PUNO','MELGAR','NU?OA'),
('210807','PUNO','MELGAR','ORURILLO'),
('210808','PUNO','MELGAR','SANTAROSA'),
('210809','PUNO','MELGAR','UMACHIRI'),
('210901','PUNO','MOHO','MOHO'),
('210902','PUNO','MOHO','CONIMA'),
('210903','PUNO','MOHO','HUAYRAPATA'),
('210904','PUNO','MOHO','TILALI'),
('211001','PUNO','SANANTONIODEPUTINA','PUTINA'),
('211002','PUNO','SANANTONIODEPUTINA','ANANEA'),
('211003','PUNO','SANANTONIODEPUTINA','PEDROVILCAAPAZA'),
('211004','PUNO','SANANTONIODEPUTINA','QUILCAPUNCU'),
('211005','PUNO','SANANTONIODEPUTINA','SINA'),
('211101','PUNO','SANROMAN','JULIACA'),
('211102','PUNO','SANROMAN','CABANA'),
('211103','PUNO','SANROMAN','CABANILLAS'),
('211104','PUNO','SANROMAN','CARACOTO'),
('211201','PUNO','SANDIA','SANDIA'),
('211202','PUNO','SANDIA','CUYOCUYO'),
('211203','PUNO','SANDIA','LIMBANI'),
('211204','PUNO','SANDIA','PATAMBUCO'),
('211205','PUNO','SANDIA','PHARA'),
('211206','PUNO','SANDIA','QUIACA'),
('211207','PUNO','SANDIA','SANJUANDELORO'),
('211208','PUNO','SANDIA','YANAHUAYA'),
('211209','PUNO','SANDIA','ALTOINAMBARI'),
('211210','PUNO','SANDIA','SANPEDRODEPUTINAPUNCO'),
('211301','PUNO','YUNGUYO','YUNGUYO'),
('211302','PUNO','YUNGUYO','ANAPIA'),
('211303','PUNO','YUNGUYO','COPANI'),
('211304','PUNO','YUNGUYO','CUTURAPI'),
('211305','PUNO','YUNGUYO','OLLARAYA'),
('211306','PUNO','YUNGUYO','TINICACHI'),
('211307','PUNO','YUNGUYO','UNICACHI'),
('220101','SANMARTIN','MOYOBAMBA','MOYOBAMBA'),
('220102','SANMARTIN','MOYOBAMBA','CALZADA'),
('220103','SANMARTIN','MOYOBAMBA','HABANA'),
('220104','SANMARTIN','MOYOBAMBA','JEPELACIO'),
('220105','SANMARTIN','MOYOBAMBA','SORITOR'),
('220106','SANMARTIN','MOYOBAMBA','YANTALO'),
('220201','SANMARTIN','BELLAVISTA','BELLAVISTA'),
('220202','SANMARTIN','BELLAVISTA','ALTOBIAVO'),
('220203','SANMARTIN','BELLAVISTA','BAJOBIAVO'),
('220204','SANMARTIN','BELLAVISTA','HUALLAGA'),
('220205','SANMARTIN','BELLAVISTA','SANPABLO'),
('220206','SANMARTIN','BELLAVISTA','SANRAFAEL'),
('220301','SANMARTIN','ELDORADO','SANJOSEDESISA'),
('220302','SANMARTIN','ELDORADO','AGUABLANCA'),
('220303','SANMARTIN','ELDORADO','SANMARTIN'),
('220304','SANMARTIN','ELDORADO','SANTAROSA'),
('220305','SANMARTIN','ELDORADO','SHATOJA'),
('220401','SANMARTIN','HUALLAGA','SAPOSOA'),
('220402','SANMARTIN','HUALLAGA','ALTOSAPOSOA'),
('220403','SANMARTIN','HUALLAGA','ELESLABON'),
('220404','SANMARTIN','HUALLAGA','PISCOYACU'),
('220405','SANMARTIN','HUALLAGA','SACANCHE'),
('220406','SANMARTIN','HUALLAGA','TINGODESAPOSOA'),
('220501','SANMARTIN','LAMAS','LAMAS'),
('220502','SANMARTIN','LAMAS','ALONSODEALVARADO'),
('220503','SANMARTIN','LAMAS','BARRANQUITA'),
('220504','SANMARTIN','LAMAS','CAYNARACHI'),
('220505','SANMARTIN','LAMAS','CU?UMBUQUI'),
('220506','SANMARTIN','LAMAS','PINTORECODO'),
('220507','SANMARTIN','LAMAS','RUMISAPA'),
('220508','SANMARTIN','LAMAS','SANROQUEDECUMBAZA'),
('220509','SANMARTIN','LAMAS','SHANAO'),
('220510','SANMARTIN','LAMAS','TABALOSOS'),
('220511','SANMARTIN','LAMAS','ZAPATERO'),
('220601','SANMARTIN','MARISCALCACERES','JUANJUI'),
('220602','SANMARTIN','MARISCALCACERES','CAMPANILLA'),
('220603','SANMARTIN','MARISCALCACERES','HUICUNGO'),
('220604','SANMARTIN','MARISCALCACERES','PACHIZA'),
('220605','SANMARTIN','MARISCALCACERES','PAJARILLO'),
('220701','SANMARTIN','PICOTA','PICOTA'),
('220702','SANMARTIN','PICOTA','BUENOSAIRES'),
('220703','SANMARTIN','PICOTA','CASPISAPA'),
('220704','SANMARTIN','PICOTA','PILLUANA'),
('220705','SANMARTIN','PICOTA','PUCACACA'),
('220706','SANMARTIN','PICOTA','SANCRISTOBAL'),
('220707','SANMARTIN','PICOTA','SANHILARION'),
('220708','SANMARTIN','PICOTA','SHAMBOYACU'),
('220709','SANMARTIN','PICOTA','TINGODEPONASA'),
('220710','SANMARTIN','PICOTA','TRESUNIDOS'),
('220801','SANMARTIN','RIOJA','RIOJA'),
('220802','SANMARTIN','RIOJA','AWAJUN'),
('220803','SANMARTIN','RIOJA','ELIASSOPLINVARGAS'),
('220804','SANMARTIN','RIOJA','NUEVACAJAMARCA'),
('220805','SANMARTIN','RIOJA','PARDOMIGUEL'),
('220806','SANMARTIN','RIOJA','POSIC'),
('220807','SANMARTIN','RIOJA','SANFERNANDO'),
('220808','SANMARTIN','RIOJA','YORONGOS'),
('220809','SANMARTIN','RIOJA','YURACYACU'),
('220901','SANMARTIN','SANMARTIN','TARAPOTO'),
('220902','SANMARTIN','SANMARTIN','ALBERTOLEVEAU'),
('220903','SANMARTIN','SANMARTIN','CACATACHI'),
('220904','SANMARTIN','SANMARTIN','CHAZUTA'),
('220905','SANMARTIN','SANMARTIN','CHIPURANA'),
('220906','SANMARTIN','SANMARTIN','ELPORVENIR'),
('220907','SANMARTIN','SANMARTIN','HUIMBAYOC'),
('220908','SANMARTIN','SANMARTIN','JUANGUERRA'),
('220909','SANMARTIN','SANMARTIN','LABANDADESHILCAYO'),
('220910','SANMARTIN','SANMARTIN','MORALES'),
('220911','SANMARTIN','SANMARTIN','PAPAPLAYA'),
('220912','SANMARTIN','SANMARTIN','SANANTONIO'),
('220913','SANMARTIN','SANMARTIN','SAUCE'),
('220914','SANMARTIN','SANMARTIN','SHAPAJA'),
('221001','SANMARTIN','TOCACHE','TOCACHE'),
('221002','SANMARTIN','TOCACHE','NUEVOPROGRESO'),
('221003','SANMARTIN','TOCACHE','POLVORA'),
('221004','SANMARTIN','TOCACHE','SHUNTE'),
('221005','SANMARTIN','TOCACHE','UCHIZA'),
('230101','TACNA','TACNA','TACNA'),
('230102','TACNA','TACNA','ALTODELAALIANZA'),
('230103','TACNA','TACNA','CALANA'),
('230104','TACNA','TACNA','CIUDADNUEVA'),
('230105','TACNA','TACNA','INCLAN'),
('230106','TACNA','TACNA','PACHIA'),
('230107','TACNA','TACNA','PALCA'),
('230108','TACNA','TACNA','POCOLLAY'),
('230109','TACNA','TACNA','SAMA'),
('230110','TACNA','TACNA','CORONELGREGORIOALBARRACINLANCHIPA'),
('230201','TACNA','CANDARAVE','CANDARAVE'),
('230202','TACNA','CANDARAVE','CAIRANI'),
('230203','TACNA','CANDARAVE','CAMILACA'),
('230204','TACNA','CANDARAVE','CURIBAYA'),
('230205','TACNA','CANDARAVE','HUANUARA'),
('230206','TACNA','CANDARAVE','QUILAHUANI'),
('230301','TACNA','JORGEBASADRE','LOCUMBA'),
('230302','TACNA','JORGEBASADRE','ILABAYA'),
('230303','TACNA','JORGEBASADRE','ITE'),
('230401','TACNA','TARATA','TARATA'),
('230402','TACNA','TARATA','HEROESALBARRACIN'),
('230403','TACNA','TARATA','ESTIQUE'),
('230404','TACNA','TARATA','ESTIQUE-PAMPA'),
('230405','TACNA','TARATA','SITAJARA'),
('230406','TACNA','TARATA','SUSAPAYA'),
('230407','TACNA','TARATA','TARUCACHI'),
('230408','TACNA','TARATA','TICACO'),
('240101','TUMBES','TUMBES','TUMBES'),
('240102','TUMBES','TUMBES','CORRALES'),
('240103','TUMBES','TUMBES','LACRUZ'),
('240104','TUMBES','TUMBES','PAMPASDEHOSPITAL'),
('240105','TUMBES','TUMBES','SANJACINTO'),
('240106','TUMBES','TUMBES','SANJUANDELAVIRGEN'),
('240201','TUMBES','CONTRALMIRANTEVILLAR','ZORRITOS'),
('240202','TUMBES','CONTRALMIRANTEVILLAR','CASITAS'),
('240203','TUMBES','CONTRALMIRANTEVILLAR','CANOASDEPUNTASAL'),
('240301','TUMBES','ZARUMILLA','ZARUMILLA'),
('240302','TUMBES','ZARUMILLA','AGUASVERDES'),
('240303','TUMBES','ZARUMILLA','MATAPALO'),
('240304','TUMBES','ZARUMILLA','PAPAYAL'),
('250101','UCAYALI','CORONELPORTILLO','CALLERIA'),
('250102','UCAYALI','CORONELPORTILLO','CAMPOVERDE'),
('250103','UCAYALI','CORONELPORTILLO','IPARIA'),
('250104','UCAYALI','CORONELPORTILLO','MASISEA'),
('250105','UCAYALI','CORONELPORTILLO','YARINACOCHA'),
('250106','UCAYALI','CORONELPORTILLO','NUEVAREQUENA'),
('250201','UCAYALI','ATALAYA','RAYMONDI'),
('250202','UCAYALI','ATALAYA','SEPAHUA'),
('250203','UCAYALI','ATALAYA','TAHUANIA'),
('250204','UCAYALI','ATALAYA','YURUA'),
('250301','UCAYALI','PADREABAD','PADREABAD'),
('250302','UCAYALI','PADREABAD','IRAZOLA'),
('250303','UCAYALI','PADREABAD','CURIMANA'),
('250401','UCAYALI','PURUS','PURUS');

-- INSERCION DE REGISTROS EN LA TABLA PERSONA

INSERT INTO PERSONA (NOMPER,APEPER,CELPER,DNIPER,DIRPER,SEXPER,FECNACPER,TIPPER,CODUBI,ESTPER) VALUES  
('Luis Diego','Rojas Ayllon','923820545','72720518','Urb San Agustin Mz S Lt 22','M','1999/07/24','TRA','150512','A'),
('Alvaro Felipe','Iturrizaga Vargaz','929078909','78978909','Pasaje Primavera','M','1999/04/21','TRA','150512','A'),
('Jose Pablo','Gimenez Guzman','989890987','78765654','Pasaje los diamantes Mz A Lt 1','M','1999/11/17','TRA','150512','A'),
('Pedro Manuel','Ayllon Guzman','989876765','76767767','Urbanizacion los Reyes','M','1993/05/12','PAC','150512','A'),
('Maria Isabel','Vargaz Levano','989899998','72435653','Las Malvinas por la Posta','F','1999/04/19','PAC','150512','A'),
('Gimena Iris','Alarcon Hermoso','978253645','78987898','Las Malvinas por la entrada','F','1999/01/28','PAC','150512','A'),
('Nalda Maria','Palomino Rojas','989900908','77787878','Los Duraznos maduros Mz S Lt 34','F','1999/05/30','PAC','150512','A'),
('Juan Marco','Menacho Levano','911123221','76543452','Los Tornillos Oxidados en Su casa','M','1990/12/25','PAC','150512','A'),
('Mario Edwin','Quispe Alarcon','989899890','76512321','Las Cosas azules','M','1987/03/13','PAC','150512','A'),
('Jordy Beto','Mendez Palomino','999098973','78999009','Las Personas Felices','M','1985/07/19','PAC','150512','A'),
('Martin Alexis','Quispe Huaman','989899885','76512345','Las Cosas rojas','M','1987/03/13','PAC','150512','A'),
('silvana Alexia','Sanchez Rivera','989899423','76512339','Las Cosas verdes','F','1987/03/19','PAC','150512','A'),
('Jose Alberto','Condori Jara','924545656','72720578','Urb San Agustin Mz C Lt 10','M','1999/04/21','PAC','150512','A'),
('Bryan Luis','Calle Carrollo','929000909','78978129','Pasaje los duraznos','M','1999/01/01','PAC','150512','A'),
('Jose Miguel','Gimenez Pachas','987790987','78765111','Pasaje los carbones Mz A Lt 1','M','1981/11/17','PAC','150512','A'),
('Maria Lila','Mercedes Chupivilca','989876765','76767767','Urbanizacion los Reyes','F','1990/05/17','PAC','150512','A'),
('Maria Isabel','Luyo Vargaz,','989878900','72435651','Las Malvinas por el paradero','F','1999/04/19','PAC','150512','A'),
('Angeles Mary','Alarcon Huaman','978253121','72317898','Los Reyes','F','1999/01/27','PAC','150512','A'),
('Pamela Nalda','Aramburu Saravia','989121123','77787809','Por el parque de quilmana','F','1998/05/30','PAC','150512','A'),
('Sebastian Felix','Ochoa Villombrocio','911123361','76123452','Los Tornillos Oxidados en Su casa','M','1991/11/25','PAC','150512','A'),
('Manuel Huber','Uribe Cardenas','989121890','76524321','Las Cosas azules','M','1989/09/12','PAC','150512','A'),
('Juan Danilo','Canales Manzo','999098122','78999119','Las Personas Tristes','M','1986/02/19','PAC','150512','A'),
('Sakura Nami','Velasquez Marquez','989899009','71212345','Las Cosas rojas','F','1986/03/11','PAC','150512','A'),
('Luis Angel','Alvarez de la Cruz','924123656','72722578','Urb San Agustin Mz C Lt 10','M','1998/05/22','PAC','150512','A'),
('Cesar Carlos','Cotrina Florez','978000909','78978231','Pasaje los duraznos','M','1991/10/01','PAC','150512','A'),
('Juana Rosa','Melano Alvarez','987790112','78769980','Pasaje los mangos Mz A Lt 1','F','1991/12/25','PAC','150512','A'),
('Antonio Elver','Galarga Chumpitaz','989123321','76767776','Urbanizacion los Reyes','M','1990/05/17','PAC','150512','A'),
('Bryan Juan','Nues Celis','989102900','72455651','Las Malvinas por el paradero','M','1999/04/26','PAC','150512','A'),
('Ivan Augusto','Rojas Marin','921253121','72319098','Las Reinas','M','1998/07/24','PAC','150512','A'),
('Rias Akeno','Gremory Demond','989121433','78887809','Por el parque de quilmana','F','1990/06/30','PAC','150512','A'),
('Alberto Enrique','Arias Mendoza','947989923','72724356','Los Tornillos Oxidados en Su casa','M','1983/09/13','PAC','150512','A'),
('Piero Diego','Valencia Canale','989921890','76524320','Las Cosas azules','M','1988/09/12','PAC','150512','A'),
('Manuel Patricio','Vazquez Canales','999098655','78979119','Las Personas Tristes','M','1989/02/13','PAC','150512','A'),
('Gloria Iris','Yazuco Tenorio','989899155','71212983','Las Cosas rojas','F','1985/02/20','PAC','150512','A');

-- INSERCION DE REGISTROS A LA TABLA PACIENTE

INSERT INTO 
PACIENTE (IDPER,ESTCIVPAC,FECREGPAC,ESTPAC) 
VALUES
('4','S','2019/11/04','A'),
('5','S','2019/11/04','A'),
('6','S','2019/11/04','A'),
('7','C','2019/11/04','A'),
('8','S','2019/11/04','A'),
('9','C','2019/11/04','A'),
('10','C','2019/11/04','A'),
('11','C','2019/11/04','A'),
('12','C','2019/11/04','A'),
('13','S','2019/11/04','A'),
('14','C','2019/11/04','A'),
('15','S','2019/11/04','A'),
('16','S','2019/11/04','A'),
('17','C','2019/11/04','A'),
('18','S','2019/11/04','A'),
('19','C','2019/11/04','A'),
('20','C','2019/11/04','A'),
('21','C','2019/11/04','A'),
('22','C','2019/11/04','A'),
('23','C','2019/11/04','A'),
('24','C','2019/11/04','A'),
('25','S','2019/11/04','A'),
('26','S','2019/11/04','A'),
('27','C','2019/11/04','A'),
('28','S','2019/11/04','A'),
('29','C','2019/11/04','A'),
('30','C','2019/11/04','A'),
('31','C','2019/11/04','A'),
('32','C','2019/11/04','A'),
('33','C','2019/11/04','A'),
('34','C','2019/11/04','A');


-- INSERCION DE REGISTROS A LA TABLA PACIENTE_ACOMPAANTE

INSERT INTO 
PACIENTE_ACOMPANANTE (IDPAC,IDPER,TIPACO,FECPACACO,ESTPACACO) 
VALUES
('4','34','P','2019/11/21','A'),
('6','33','M','2019/11/21','A'),
('7','32','M','2019/11/21','A'),
('8','31','M','2019/11/21','A'),
('9','30','P','2019/11/21','A'),
('11','29','P','2019/11/21','A'),
('14','28','P','2019/11/21','A'),
('16','27','P','2019/11/21','A'),
('17','26','P','2019/11/21','A'),
('18','25','P','2019/11/21','A'),
('19','24','P','2019/11/21','A'),
('20','23','P','2019/11/21','A'),
('21','22','P','2019/11/21','A'),
('24','21','P','2019/11/21','A'),
('26','20','O','2019/11/21','A'),
('27','19','P','2019/11/21','A'),
('28','18','P','2019/11/21','A'),
('29','17','O','2019/11/21','A'),
('30','16','P','2019/11/21','A'),
('31','15','O','2019/11/21','A');

-- INSERCION DE REGISTRO A LA TABLA ESTABLECIMIENTO

INSERT INTO 
ESTABLECIMIENTO (NOMEST,DIREST,TELEST,CODUBI,ESTEST) 
VALUES
('Centro de Salud Quilmana','Quilman 15712','4877123','150512','I'),
('Centro de Salud San Vicente','San Vicente 15712','4877456','150502','A'),
('Centro de Salud Imperial','Imperial 15712','4877898','150502','I'),
('Centro de Salud San Luis','San Luis 15712','4877898','150502','A'),
('Centro de Salud Cerro Azul','Cerro Azul 15712','4877198','150502','I'),
('Centro de Salud Lunahuana','Lunahuana 15712','4277898','150502','A'),
('Centro de Salud Asia','Asia 15712','4877338','150502','I'),
('Centro de Salud Mala','Mala 15712','4871828','150502','I'),
('Centro de Salud Zuiga','Zuiga 15712','4877823','150502','I'),
('Centro de Salud Calango','Calango 15712','4810098','150502','I'),
('Centro de Salud Chilca','Chilca 15712','4877123','150502','I'),
('Centro de Salud Coayllo','Coayllo 15712','4377898','150502','A'),
('Centro de Salud Nuevo Imperial','Nuevo Imperial 15712','4871218','150502','I'),
('Centro de Salud San Antonio','San Antonio 15712','4870008','150502','I'),
('Centro de Salud Pacaran','Pacaran 15712','4871231','150502','I'),
('Centro de Salud Santa Cruz de Flores','Santa Cruz de Florez 15712','4898998','150502','A'),
('Centro de Salud Lima','Lima 15712','4877123','150502','A'),
('Centro de Salud Jaen','Jaen 15712','4877892','150502','A'),
('Centro de Salud Tacna','Tacna 15712','4877891','150502','A');

-- INSERCION DE REGISTROS A LA TABLA ENFERMEDADES.
INSERT INTO 
ENFERMEDAD (CODENF,DESCENF) 
VALUES
('A00-B99','Ciertas enfermedades infecciosas y parasitarias'),
('C00-D48','Neoplasias'),
('D50-D89','Enfermedades de la sangre y de los rganos hematopoyticos y otros trastornos que afectan el mecanismo de la inmunidad'),
('E00-E90','Enfermedades endocrinas, nutricionales y metablicas'),
('F00-F99','Trastornos mentales y del comportamiento'),
('G00-G99','Enfermedades del sistema nervioso'),
('H00-H59','Enfermedades del ojo y sus anexos'),
('H60-H95','Enfermedades del odo y de la apfisis mastoides'),
('I00-I99','Enfermedades del sistema circulatorio'),
('J00-J99','Enfermedades del sistema respiratorio'),
('K00-K93','Enfermedades del aparato digestivo'),
('L00-L99','Enfermedades de la piel y el tejido subcutneo'),
('M00-M99','Enfermedades del sistema osteomuscular y del tejido conectivo'),
('N00-N99','Enfermedades del aparato genitourinario'),
('O00-O99','Embarazo, parto y puerperio'),
('P00-P96','Ciertas afecciones originadas en el periodo perinatal'),
('Q00-Q99','Malformaciones congnitas, deformidades y anomalas cromosmicas'),
('R00-R99','Sntomas, signos y hallazgos anormales clnicos y de laboratorio, no clasificados en otra parte'),
('S00-T98','Traumatismos, envenenamientos y algunas otras consecuencias de causa externa'),
('V01-Y98','Causas externas de morbilidad y de mortalidad'),
('Z00-Z99','Factores que influyen en el estado de salud y contacto con los servicios de salud'),
('U00-U99','Cdigos para situaciones especiales');

-- INSERCION DE REGISTROS EN LA TABLA ESPECIALIDAD
INSERT INTO 
ESPECIALIDAD (DESESP,ESTESP) 
VALUES
('ADMINISTRADOR','A'),
('SECRETARIA','I'),
('SERVICIO DOCUMENTARIO','A'),
('FINANZAS','A'),
('RECURSOS HUMANOS','A'),
('LOGISTICA','A'),
('ODONTOLOGIA','A'),
('CIRUGIA','I'),
('SANIDAD','I'),
('INFORMATICA','A');


-- INSERCION DE REGISTROS EN LA TABLA USUARIOS
INSERT INTO 
USUARIO (NAMUSE,PASUSE,TIPUSE,ESTUSE) 
VALUES
('LUIS','LUIS123','A','A'),
('JOSE','123456','U','A'),
('MARIO','123456','U','A'),
('JUAN','123456','U','A'),
('DIEGO','123456','U','A'),
('JESUS','123456','U','A'),
('BENJAMIN','123456','U','A'),
('JEFERSON','123456','U','A'),
('ADMIN','123456','A','A'),
('USER','123456','U','A'),
('Mateo','mateo123','U','I'),
('Daniel','123456','U','I'),
('Pablo','123456','A','A'),
('lvaro','123456','U','I'),
('Adrin','123456','U','A'),
('JESUSga','123456','U','A'),
('BENJAMINdi','123456','U','A'),
('David','123456','U','A'),
('Diego','123456','A','I'),
('Javier','123456','U','I'),
('LUIS','LUIS123','U','A'),
('Mario','123456','U','A'),
('Marcos','123456','U','I'),
('Nicols','123456','U','A'),
('Ivn','123456','U','I'),
('Habib','123456','U','A'),
('Jamal','123456','U','A'),
('Khalil','123456','U','A'),
('Rayan','123456','U','A'),
('Walid','123456','U','I'),
('Atticus','LUIS123','U','I'),
('Wyatt','123456','U','A'),
('Oliver','123456','U','A'),
('Henry','123456','U','A'),
('Milo','123456','U','I'),
('Liam','123456','U','A'),
('Alexander','123456','U','I'),
('Luke','123456','U','A'),
('Everett','123456','U','A'),
('Simn','123456','U','I');


-- INSERCION DE REGISTROS EN LA TABLA TRABAJADOR
INSERT INTO
TRABAJADOR (IDPER,IDESP,IDEST,CARTRA,FECREGTRA,EMAILTRA,IDUSE,ESTTRA)
VALUES
(1,1,1,'J','2000/12/14','silvia@gmail.com',1,'A'),
(2,2,2,'E','2000/12/15','juan@gmail.com',2,'A'),
(3,3,3,'E','2000/12/13','luis@gmail.com',3,'A'),
(4,2,4,'E','2000/12/12','juana@gmail.com',4,'A'),
(5,3,5,'E','2000/12/11','Luis@gmail.com',5,'A'),
(6,3,6,'E','2000/12/11','jeferson@gmail.com',5,'A'),
(7,3,7,'E','2000/12/11','zecarlos@gmail.com',5,'A'),
(8,3,8,'E','2000/12/11','jesus@gmail.com',5,'A'),
(9,3,1,'E','2000/12/11','taquire@gmail.com',5,'A'),
(10,3,1,'E','2000/12/11','diego@gmail.com',5,'A'),
(11,4,1,'E','2000/12/10','yalle@gmail.com',6,'A'),
(1,1,1,'J','2000/12/24','Mateo@gmail.com',1,'A'),
(2,2,2,'E','2000/12/05','Daniel@gmail.com',2,'A'),
(3,3,3,'E','2000/12/23','Pablo@gmail.com',3,'A'),
(4,2,4,'E','2000/12/22','lvaro@gmail.com',4,'A'),
(5,3,5,'E','2000/12/21','David@gmail.com',5,'A'),
(6,3,6,'E','2000/12/21','Javier@gmail.com',5,'A'),
(7,3,7,'E','2000/12/31','Sergio@gmail.com',5,'A'),
(8,3,8,'E','2000/12/01','Marcos@gmail.com',5,'A'),
(9,3,1,'E','2000/12/19','Martn@gmail.com',5,'A'),
(10,3,1,'E','2000/12/19','Nicols@gmail.com',5,'A'),
(11,4,1,'E','2000/12/20','Jorge@gmail.com',6,'A'),
(1,1,1,'J','2000/12/14','Ivn@gmail.com',1,'A'),
(2,2,2,'E','2000/12/15','Carlos@gmail.com',2,'A'),
(3,3,3,'E','2000/12/13','Miguel@gmail.com',3,'A'),
(4,2,4,'E','2000/12/12','Lucas@gmail.com',4,'A'),
(5,3,5,'E','2000/12/11','Adib@gmail.com',5,'A'),
(6,3,6,'E','2000/12/11','Akram@gmail.com',5,'A'),
(7,3,7,'E','2000/12/11','Bahir@gmail.com',5,'A'),
(8,3,8,'E','2000/12/11','Farid@gmail.com',5,'A'),
(9,3,1,'E','2000/12/11','Hakim@gmail.com',5,'A'),
(10,3,1,'E','2000/12/11','diego@gmail.com',5,'A'),
(11,4,1,'E','2000/12/10','Ibrahim@gmail.com',6,'A'),
(1,1,1,'J','2000/12/14','Jamal@gmail.com',1,'A'),
(2,2,2,'E','2000/12/15','Khalil@gmail.com',2,'A'),
(3,3,3,'E','2000/12/13','Moad@gmail.com',3,'A'),
(4,2,4,'E','2000/12/12','Omar@gmail.com',4,'A'),
(5,3,5,'E','2000/12/11','Rayan@gmail.com',5,'A'),
(6,3,6,'E','2000/12/11','Walid@gmail.com',5,'A'),
(7,3,7,'E','2000/12/11','Zaid@gmail.com',5,'A'),
(8,3,8,'E','2000/12/11','Atticus@gmail.com',5,'A'),
(9,3,1,'E','2000/12/11','Asher@gmail.com',5,'A'),
(10,3,1,'E','2000/12/11','Ezra@gmail.com',5,'A'),
(11,4,1,'E','2000/12/10','Silas@gmail.com',6,'A');


-- INSERCION DE REGISTROS EN LA TABLA HISTORIAS CLINICAS
INSERT INTO  
HISTORIA_CLINICA (PESHISCLI,ALTHISCLI,IDPAC,IDTRA,FECHISCLI) 
VALUES
('47','1.60','1',2,'2000/12/14'),
('30','1.50','2',3,'2000/12/14'),
('35','1.65','3',4,'2000/12/14'),
('61','1.70','4',5,'2000/12/14'),
('80','1.71','5',6,'2000/12/14'),
('70','1.70','6',7,'2000/12/14'),
('50','1.60','7',2,'2000/12/14'),
('35','1.50','8',3,'2000/12/14'),
('86','1.40','9',4,'2000/12/14'),
('39','1.60','10',2,'2000/12/14'),
('46','1.50','11',3,'2000/12/14'),
('40','1.65','12',4,'2000/12/14'),
('69','1.70','13',5,'2000/12/14'),
('89','1.71','14',6,'2000/12/14'),
('90','1.70','15',7,'2000/12/14'),
('80','1.60','16',2,'2000/12/14'),
('76','1.50','17',3,'2000/12/14'),
('86','1.40','18',4,'2000/12/14'),
('36','1.60','19',2,'2000/12/14'),
('22','1.50','20',3,'2000/12/14'),
('19','1.65','21',4,'2000/12/14'),
('18','1.70','22',5,'2000/12/14'),
('64','1.71','23',6,'2000/12/14'),
('63','1.70','24',7,'2000/12/14'),
('61','1.60','25',2,'2000/12/14'),
('73','1.50','26',3,'2000/12/14'),
('91','1.40','27',4,'2000/12/14'),
('63','1.60','28',2,'2000/12/14'),
('39','1.50','29',3,'2000/12/14'),
('36','1.65','30',4,'2000/12/14'),
('68','1.70','1',5,'2000/12/14'),
('82','1.71','2',6,'2000/12/14'),
('73','1.70','3',7,'2000/12/14'),
('56','1.60','4',2,'2000/12/14'),
('39','1.50','5',3,'2000/12/14'),
('70','1.40','6',4,'2000/12/14'),
('42','1.60','7',2,'2000/12/14'),
('36','1.50','8',3,'2000/12/14'),
('31','1.65','19',4,'2000/12/14'),
('93','1.70','11',5,'2000/12/14'),
('88','1.71','27',6,'2000/12/14'),
('77','1.70','23',7,'2000/12/14'),
('55','1.60','9',2,'2000/12/14'),
('33','1.50','10',3,'2000/12/14'),
('88','1.40','19',4,'2000/12/14');


-- INSERCION DE REGISTROS EN LA TABLA CONSULTA_ENFERMEDAD
INSERT INTO 
CONSULTA_ENFERMEDAD (FECCONENF,CODHISCLI,CODENF)
VALUES 
('2019/11/26','2','A00-B99'),
('2019/11/26','1','C00-D48'),
('2019/11/26','1','D50-D89'),
('2019/11/26','2','G00-G99'),
('2019/11/26','2','H00-H59'),
('2019/11/26','2','A00-B99'),
('2019/11/26','2','C00-D48'),
('2019/11/26','3','S00-T98'),
('2019/11/26','3','A00-B99'),
('2019/11/26','3','V01-Y98'),
('2019/11/26','5','D50-D89'),
('2019/11/26','5','F00-F99'),
('2019/11/26','5','Z00-Z99'),
('2019/11/26','4','A00-B99'),
('2019/11/26','4','Q00-Q99'),
('2019/11/26','4','A00-B99'),
('2019/11/26','4','R00-R99'),
('2019/11/26','4','C00-D48'),
('2019/11/26','6','A00-B99'),
('2019/11/26','6','H00-H59'),
('2019/11/26','5','F00-F99'),
('2019/11/26','5','Z00-Z99'),
('2019/11/26','4','A00-B99'),
('2019/11/26','4','Q00-Q99'),
('2019/11/26','4','A00-B99'),
('2019/11/26','4','R00-R99'),
('2019/11/26','4','C00-D48'),
('2019/11/26','6','A00-B99'),
('2019/11/26','6','H00-H59'),
('2019/11/26','6','H00-H59'),
('2019/11/26','6','H60-H95');


